user_filter,user_init,item_filter,item_init,bipartite_filter,bipartite_init,recall20,precision20,ndcg20,use_test,timestamp
multiscale,smooth,chebyshev,sharp,original,smooth,0.3306,0.2621,0.3833,False,2025-06-12T12:24:16.070615
chebyshev,sharp,parametric,butterworth,laguerre,gaussian,0.3239,0.2634,0.3814,False,2025-06-12T12:24:18.666765
enhanced_basis,smooth,chebyshev,sharp,original,smooth,0.3209,0.2623,0.3786,False,2025-06-12T12:24:21.025603
spectral_basis,golden_036,multiscale,butterworth,legendre,smooth,0.2959,0.2498,0.3561,False,2025-06-12T12:24:23.117049
original,smooth,original,sharp,original,smooth,0.3187,0.2601,0.3744,False,2025-06-12T12:24:25.451755
hermite,butterworth,bernstein,golden_036,bandstop,notch,0.2997,0.2429,0.3391,False,2025-06-12T12:24:28.421455
harmonic,butterworth,jacobi,notch,spectral_basis,bandpass,0.2954,0.2442,0.3504,False,2025-06-12T12:24:30.760087
parametric,butterworth,ensemble,sharp,bernstein,band_stop,0.3223,0.2611,0.3768,False,2025-06-12T12:24:33.717337
laguerre,gaussian,chebyshev,golden_036,chebyshev,butterworth,0.3134,0.2589,0.3725,False,2025-06-12T12:24:36.048639
laguerre,bandpass,laguerre,bandpass,golden,sharp,0.3028,0.2522,0.3607,False,2025-06-12T12:24:38.119304
bandstop,notch,hermite,band_stop,golden,notch,0.3081,0.258,0.3691,False,2025-06-12T12:24:40.190848
original,band_stop,chebyshev,bandpass,adaptive_bandstop,smooth,0.3012,0.2551,0.3624,False,2025-06-12T12:24:42.274499
jacobi,golden_036,bernstein,smooth,spectral_basis,smooth,0.3147,0.2593,0.3729,False,2025-06-12T12:24:44.345083
multiscale,golden_036,enhanced_basis,smooth,enhanced_basis,sharp,0.3295,0.2616,0.3818,False,2025-06-12T12:24:46.932733
original,golden_036,adaptive_bandstop,butterworth,laguerre,bandpass,0.3155,0.2582,0.3722,False,2025-06-12T12:24:49.297240
harmonic,golden_036,harmonic,gaussian,spectral_basis,notch,0.2957,0.2437,0.3497,False,2025-06-12T12:24:51.629707
original,notch,ensemble,golden_036,golden,smooth,0.3149,0.2589,0.3733,False,2025-06-12T12:24:53.981777
chebyshev,bandpass,chebyshev,gaussian,golden,notch,0.3173,0.2606,0.3748,False,2025-06-12T12:24:56.308016
hermite,butterworth,ensemble,gaussian,legendre,band_stop,0.29,0.2356,0.3248,False,2025-06-12T12:24:58.397402
ensemble,smooth,harmonic,butterworth,bernstein,sharp,0.3127,0.2583,0.3705,False,2025-06-12T12:25:00.767290
bernstein,band_stop,bernstein,gaussian,bernstein,golden_036,0.3212,0.2608,0.3781,False,2025-06-12T12:25:02.841942
parametric,gaussian,hermite,smooth,spectral_basis,golden_036,0.325,0.2652,0.3827,False,2025-06-12T12:25:05.443432
bandstop,golden_036,jacobi,golden_036,legendre,bandpass,0.3085,0.2574,0.3689,False,2025-06-12T12:25:07.494924
multiscale,smooth,legendre,butterworth,jacobi,smooth,0.3295,0.2602,0.3813,False,2025-06-12T12:25:09.553787
legendre,bandpass,adaptive_bandstop,bandpass,spectral_basis,sharp,0.3132,0.256,0.3696,False,2025-06-12T12:25:11.870850
harmonic,notch,bandstop,golden_036,ensemble,gaussian,0.2888,0.2438,0.3481,False,2025-06-12T12:25:13.947222
bandstop,notch,enhanced_basis,bandpass,legendre,notch,0.3072,0.256,0.367,False,2025-06-12T12:25:16.006122
golden,bandpass,original,notch,jacobi,smooth,0.2922,0.2463,0.3514,False,2025-06-12T12:25:18.099919
laguerre,butterworth,harmonic,golden_036,laguerre,band_stop,0.3179,0.2614,0.3758,False,2025-06-12T12:25:20.697840
spectral_basis,bandpass,parametric,band_stop,bernstein,sharp,0.295,0.2486,0.3545,False,2025-06-12T12:25:23.019847
bernstein,band_stop,harmonic,notch,harmonic,sharp,0.3197,0.2605,0.3767,False,2025-06-12T12:25:25.068531
legendre,notch,legendre,smooth,bandstop,butterworth,0.3171,0.2606,0.3749,False,2025-06-12T12:25:27.374606
spectral_basis,sharp,original,smooth,legendre,notch,0.2908,0.2443,0.349,False,2025-06-12T12:25:29.428512
original,band_stop,spectral_basis,notch,enhanced_basis,butterworth,0.3037,0.2561,0.3642,False,2025-06-12T12:25:31.494359
hermite,butterworth,harmonic,smooth,chebyshev,butterworth,0.2927,0.2367,0.3297,False,2025-06-12T12:25:33.598732
jacobi,bandpass,enhanced_basis,golden_036,parametric,band_stop,0.3156,0.2583,0.3721,False,2025-06-12T12:25:35.935673
multiscale,band_stop,adaptive_bandstop,gaussian,legendre,bandpass,0.3256,0.2583,0.3774,False,2025-06-12T12:25:38.003999
spectral_basis,sharp,enhanced_basis,butterworth,hermite,gaussian,0.2723,0.2302,0.3294,False,2025-06-12T12:25:40.306500
hermite,sharp,ensemble,sharp,spectral_basis,bandpass,0.3035,0.2518,0.3619,False,2025-06-12T12:25:42.697538
ensemble,smooth,laguerre,band_stop,hermite,golden_036,0.2946,0.2453,0.3521,False,2025-06-12T12:25:45.353712
bernstein,band_stop,laguerre,butterworth,bernstein,gaussian,0.3188,0.2591,0.3746,False,2025-06-12T12:25:47.431698
spectral_basis,butterworth,bandstop,bandpass,enhanced_basis,golden_036,0.2996,0.2514,0.3579,False,2025-06-12T12:25:50.037736
adaptive_bandstop,golden_036,golden,sharp,chebyshev,band_stop,0.3049,0.2545,0.3641,False,2025-06-12T12:25:52.096618
parametric,notch,hermite,smooth,ensemble,gaussian,0.327,0.2648,0.383,False,2025-06-12T12:25:54.732821
spectral_basis,sharp,original,butterworth,jacobi,golden_036,0.2908,0.2445,0.3494,False,2025-06-12T12:25:56.814666
spectral_basis,bandpass,original,bandpass,ensemble,notch,0.2911,0.2459,0.3503,False,2025-06-12T12:25:58.890941
laguerre,notch,golden,butterworth,spectral_basis,smooth,0.3136,0.2581,0.3722,False,2025-06-12T12:26:00.951113
harmonic,gaussian,parametric,notch,bandstop,butterworth,0.2936,0.2483,0.3548,False,2025-06-12T12:26:03.016020
laguerre,notch,parametric,gaussian,golden,gaussian,0.3177,0.26,0.3753,False,2025-06-12T12:26:05.100300
chebyshev,smooth,jacobi,sharp,original,sharp,0.3191,0.2605,0.3769,False,2025-06-12T12:26:07.173867
laguerre,butterworth,ensemble,notch,legendre,bandpass,0.3134,0.2587,0.3721,False,2025-06-12T12:26:09.561548
spectral_basis,smooth,original,sharp,original,butterworth,0.2917,0.2459,0.3505,False,2025-06-12T12:26:11.631245
legendre,smooth,multiscale,butterworth,ensemble,sharp,0.3201,0.2622,0.3772,False,2025-06-12T12:26:14.536803
multiscale,smooth,laguerre,bandpass,multiscale,butterworth,0.3256,0.2572,0.3761,False,2025-06-12T12:26:16.859290
enhanced_basis,gaussian,ensemble,smooth,ensemble,butterworth,0.319,0.2611,0.3765,False,2025-06-12T12:26:19.287249
adaptive_bandstop,gaussian,legendre,band_stop,spectral_basis,butterworth,0.3016,0.2514,0.3605,False,2025-06-12T12:26:21.338085
harmonic,bandpass,original,sharp,multiscale,sharp,0.2965,0.2431,0.3496,False,2025-06-12T12:26:24.180006
ensemble,band_stop,spectral_basis,smooth,laguerre,gaussian,0.3154,0.2594,0.3717,False,2025-06-12T12:26:26.555243
harmonic,butterworth,adaptive_bandstop,gaussian,ensemble,gaussian,0.2807,0.2371,0.3377,False,2025-06-12T12:26:28.645574
adaptive_bandstop,butterworth,legendre,butterworth,golden,sharp,0.3019,0.2514,0.3607,False,2025-06-12T12:26:30.699018
spectral_basis,golden_036,parametric,notch,jacobi,notch,0.2953,0.2486,0.3546,False,2025-06-12T12:26:32.772520
jacobi,notch,harmonic,sharp,golden,butterworth,0.3168,0.2603,0.3736,False,2025-06-12T12:26:35.128750
enhanced_basis,gaussian,jacobi,butterworth,spectral_basis,golden_036,0.318,0.2607,0.3757,False,2025-06-12T12:26:37.481235
laguerre,gaussian,laguerre,smooth,jacobi,golden_036,0.3127,0.2578,0.3706,False,2025-06-12T12:26:39.562263
chebyshev,sharp,hermite,smooth,enhanced_basis,butterworth,0.3194,0.262,0.3774,False,2025-06-12T12:26:41.628466
bandstop,band_stop,spectral_basis,band_stop,multiscale,sharp,0.3068,0.256,0.3668,False,2025-06-12T12:26:43.708893
golden,butterworth,harmonic,notch,adaptive_bandstop,sharp,0.2944,0.2478,0.3522,False,2025-06-12T12:26:45.780573
chebyshev,notch,hermite,band_stop,harmonic,butterworth,0.3147,0.2588,0.3722,False,2025-06-12T12:26:47.844662
legendre,golden_036,original,gaussian,original,notch,0.3162,0.2593,0.3736,False,2025-06-12T12:26:49.929835
original,golden_036,parametric,notch,bernstein,butterworth,0.32,0.2598,0.3768,False,2025-06-12T12:26:52.288656
chebyshev,gaussian,golden,butterworth,adaptive_bandstop,bandpass,0.321,0.2621,0.3778,False,2025-06-12T12:26:54.381436
jacobi,band_stop,parametric,butterworth,ensemble,band_stop,0.3186,0.261,0.3762,False,2025-06-12T12:26:56.468499
bernstein,smooth,harmonic,bandpass,golden,bandpass,0.3205,0.2615,0.3767,False,2025-06-12T12:26:58.541163
parametric,smooth,laguerre,gaussian,adaptive_bandstop,band_stop,0.3172,0.2585,0.3716,False,2025-06-12T12:27:00.602120
multiscale,sharp,legendre,butterworth,golden,sharp,0.3309,0.2615,0.383,False,2025-06-12T12:27:03.470362
bernstein,bandpass,golden,notch,original,butterworth,0.3217,0.2621,0.3764,False,2025-06-12T12:27:06.059399
multiscale,smooth,original,butterworth,ensemble,gaussian,0.3284,0.2597,0.38,False,2025-06-12T12:27:08.168927
laguerre,butterworth,spectral_basis,smooth,ensemble,butterworth,0.3167,0.2599,0.3746,False,2025-06-12T12:27:10.297603
spectral_basis,band_stop,bernstein,golden_036,original,butterworth,0.3012,0.2527,0.3596,False,2025-06-12T12:27:12.934176
spectral_basis,golden_036,chebyshev,golden_036,golden,sharp,0.2912,0.2446,0.3491,False,2025-06-12T12:27:16.273521
hermite,gaussian,ensemble,band_stop,ensemble,bandpass,0.3088,0.2486,0.3582,False,2025-06-12T12:27:19.126965
jacobi,bandpass,legendre,golden_036,spectral_basis,sharp,0.3153,0.2594,0.373,False,2025-06-12T12:27:21.493878
enhanced_basis,band_stop,jacobi,band_stop,enhanced_basis,golden_036,0.3214,0.2623,0.3788,False,2025-06-12T12:27:23.855810
legendre,sharp,enhanced_basis,bandpass,harmonic,sharp,0.3108,0.2559,0.3682,False,2025-06-12T12:27:26.211206
harmonic,smooth,enhanced_basis,notch,enhanced_basis,smooth,0.3081,0.2525,0.362,False,2025-06-12T12:27:28.551461
original,bandpass,parametric,bandpass,golden,bandpass,0.3268,0.2625,0.3818,False,2025-06-12T12:27:30.889612
adaptive_bandstop,butterworth,parametric,band_stop,ensemble,golden_036,0.304,0.254,0.3633,False,2025-06-12T12:27:33.026716
bandstop,sharp,chebyshev,gaussian,adaptive_bandstop,smooth,0.3096,0.2576,0.3692,False,2025-06-12T12:27:35.122588
parametric,golden_036,legendre,sharp,adaptive_bandstop,band_stop,0.3226,0.2612,0.3772,False,2025-06-12T12:27:38.317899
harmonic,butterworth,spectral_basis,gaussian,chebyshev,golden_036,0.2959,0.246,0.352,False,2025-06-12T12:27:40.733546
harmonic,gaussian,multiscale,notch,original,bandpass,0.298,0.2511,0.3587,False,2025-06-12T12:27:42.983865
multiscale,gaussian,hermite,bandpass,original,gaussian,0.334,0.2648,0.3869,False,2025-06-12T12:27:45.660429
harmonic,gaussian,legendre,band_stop,original,golden_036,0.2946,0.2489,0.3555,False,2025-06-12T12:27:47.798165
ensemble,band_stop,ensemble,sharp,ensemble,golden_036,0.3091,0.256,0.3672,False,2025-06-12T12:27:50.359830
jacobi,notch,ensemble,sharp,spectral_basis,sharp,0.3127,0.2572,0.3703,False,2025-06-12T12:27:52.779460
chebyshev,sharp,harmonic,band_stop,ensemble,bandpass,0.3161,0.2598,0.3734,False,2025-06-12T12:27:54.857742
chebyshev,butterworth,multiscale,golden_036,jacobi,band_stop,0.3195,0.2616,0.377,False,2025-06-12T12:27:57.172896
hermite,notch,parametric,band_stop,hermite,smooth,0.1164,0.1222,0.14,False,2025-06-12T12:27:59.296305
chebyshev,band_stop,ensemble,smooth,hermite,butterworth,0.3071,0.2537,0.3647,False,2025-06-12T12:28:01.453461
jacobi,sharp,harmonic,butterworth,adaptive_bandstop,golden_036,0.317,0.2612,0.3748,False,2025-06-12T12:28:03.613832
enhanced_basis,butterworth,original,butterworth,original,gaussian,0.3187,0.2598,0.3749,False,2025-06-12T12:28:06.055553
bandstop,band_stop,hermite,notch,harmonic,sharp,0.3083,0.2569,0.3687,False,2025-06-12T12:28:08.269631
chebyshev,notch,golden,sharp,enhanced_basis,butterworth,0.3201,0.2617,0.3772,False,2025-06-12T12:28:10.387593
harmonic,butterworth,chebyshev,notch,hermite,band_stop,0.2744,0.2291,0.3297,False,2025-06-12T12:28:12.802599
adaptive_bandstop,smooth,enhanced_basis,notch,bandstop,smooth,0.304,0.2534,0.3632,False,2025-06-12T12:28:14.947636
laguerre,sharp,bandstop,smooth,parametric,golden_036,0.3207,0.26,0.3765,False,2025-06-12T12:28:17.086489
bandstop,notch,original,gaussian,harmonic,bandpass,0.3071,0.2549,0.3657,False,2025-06-12T12:28:19.184620
spectral_basis,bandpass,harmonic,butterworth,laguerre,notch,0.2975,0.2499,0.3565,False,2025-06-12T12:28:21.291139
adaptive_bandstop,butterworth,original,butterworth,bandstop,band_stop,0.306,0.2555,0.3655,False,2025-06-12T12:28:23.391514
ensemble,sharp,enhanced_basis,notch,jacobi,band_stop,0.3105,0.2562,0.3683,False,2025-06-12T12:28:25.796553
bandstop,gaussian,chebyshev,bandpass,harmonic,notch,0.3079,0.2564,0.3675,False,2025-06-12T12:28:27.852649
legendre,band_stop,golden,band_stop,adaptive_bandstop,gaussian,0.3181,0.2598,0.3737,False,2025-06-12T12:28:30.217128
bandstop,notch,chebyshev,band_stop,bernstein,butterworth,0.3076,0.2568,0.368,False,2025-06-12T12:28:32.328852
spectral_basis,gaussian,spectral_basis,gaussian,jacobi,butterworth,0.2928,0.2465,0.3511,False,2025-06-12T12:28:34.406194
original,butterworth,jacobi,sharp,jacobi,bandpass,0.3178,0.2602,0.3751,False,2025-06-12T12:28:36.811578
multiscale,golden_036,laguerre,band_stop,hermite,smooth,0.3149,0.2493,0.3658,False,2025-06-12T12:28:38.945471
multiscale,golden_036,jacobi,band_stop,spectral_basis,bandpass,0.3298,0.261,0.3826,False,2025-06-12T12:28:41.583332
hermite,bandpass,legendre,butterworth,golden,sharp,0.2809,0.2278,0.3156,False,2025-06-12T12:28:44.548615
harmonic,gaussian,hermite,bandpass,laguerre,bandpass,0.3179,0.2603,0.3707,False,2025-06-12T12:28:47.443263
bernstein,gaussian,bernstein,butterworth,bernstein,smooth,0.3208,0.2616,0.3782,False,2025-06-12T12:28:49.549628
hermite,butterworth,legendre,notch,ensemble,gaussian,0.2903,0.2351,0.3267,False,2025-06-12T12:28:51.950688
jacobi,band_stop,chebyshev,smooth,laguerre,golden_036,0.3229,0.2633,0.3785,False,2025-06-12T12:28:54.626272
bernstein,band_stop,bandstop,sharp,chebyshev,butterworth,0.3218,0.2618,0.3786,False,2025-06-12T12:28:56.749779
legendre,gaussian,hermite,butterworth,laguerre,golden_036,0.3229,0.2627,0.3802,False,2025-06-12T12:28:58.877793
bernstein,smooth,multiscale,sharp,enhanced_basis,smooth,0.3229,0.2631,0.3798,False,2025-06-12T12:29:00.965578
multiscale,notch,parametric,notch,original,golden_036,0.3321,0.2633,0.3847,False,2025-06-12T12:29:03.402192
jacobi,butterworth,enhanced_basis,sharp,jacobi,gaussian,0.3161,0.2584,0.3731,False,2025-06-12T12:29:05.544514
ensemble,sharp,laguerre,smooth,multiscale,band_stop,0.3056,0.2525,0.3634,False,2025-06-12T12:29:08.552480
ensemble,golden_036,hermite,band_stop,ensemble,band_stop,0.3126,0.2589,0.3719,False,2025-06-12T12:29:11.306671
ensemble,gaussian,hermite,gaussian,adaptive_bandstop,notch,0.3134,0.26,0.3731,False,2025-06-12T12:29:13.727358
original,golden_036,multiscale,bandpass,enhanced_basis,band_stop,0.3168,0.2607,0.3743,False,2025-06-12T12:29:16.137021
multiscale,golden_036,hermite,band_stop,harmonic,gaussian,0.3299,0.2612,0.3822,False,2025-06-12T12:29:18.310454
ensemble,butterworth,chebyshev,notch,original,sharp,0.3165,0.26,0.3733,False,2025-06-12T12:29:20.930289
chebyshev,notch,bandstop,gaussian,harmonic,gaussian,0.3138,0.2586,0.3718,False,2025-06-12T12:29:23.178812
parametric,gaussian,spectral_basis,notch,enhanced_basis,smooth,0.3239,0.2624,0.3791,False,2025-06-12T12:29:26.006952
bandstop,smooth,adaptive_bandstop,band_stop,spectral_basis,band_stop,0.304,0.253,0.3625,False,2025-06-12T12:29:28.471592
jacobi,smooth,chebyshev,butterworth,ensemble,butterworth,0.3134,0.258,0.3715,False,2025-06-12T12:29:31.271099
golden,bandpass,enhanced_basis,butterworth,bernstein,golden_036,0.2911,0.2454,0.3503,False,2025-06-12T12:29:34.062726
adaptive_bandstop,sharp,legendre,smooth,multiscale,golden_036,0.3009,0.2516,0.3603,False,2025-06-12T12:29:36.554938
adaptive_bandstop,smooth,harmonic,butterworth,hermite,butterworth,0.2969,0.2493,0.3566,False,2025-06-12T12:29:39.205514
enhanced_basis,golden_036,spectral_basis,butterworth,spectral_basis,golden_036,0.3189,0.261,0.376,False,2025-06-12T12:29:42.209999
laguerre,butterworth,chebyshev,sharp,bernstein,bandpass,0.3125,0.2585,0.3715,False,2025-06-12T12:29:45.379852
chebyshev,sharp,laguerre,smooth,multiscale,band_stop,0.3111,0.2558,0.367,False,2025-06-12T12:29:47.854342
adaptive_bandstop,smooth,ensemble,notch,bandstop,smooth,0.3067,0.2563,0.3665,False,2025-06-12T12:29:50.359895
bernstein,gaussian,enhanced_basis,smooth,jacobi,gaussian,0.3176,0.2587,0.3738,False,2025-06-12T12:29:52.948927
chebyshev,bandpass,parametric,gaussian,bernstein,smooth,0.3184,0.2615,0.3764,False,2025-06-12T12:29:55.771222
ensemble,band_stop,spectral_basis,butterworth,hermite,band_stop,0.2978,0.2475,0.3553,False,2025-06-12T12:29:58.568210
laguerre,band_stop,original,butterworth,adaptive_bandstop,bandpass,0.3134,0.258,0.3708,False,2025-06-12T12:30:01.355083
golden,bandpass,harmonic,smooth,laguerre,gaussian,0.3002,0.2515,0.358,False,2025-06-12T12:30:04.473198
legendre,bandpass,original,gaussian,bernstein,band_stop,0.3143,0.2569,0.37,False,2025-06-12T12:30:07.299341
chebyshev,band_stop,ensemble,smooth,harmonic,gaussian,0.3145,0.2583,0.372,False,2025-06-12T12:30:09.701617
harmonic,smooth,bernstein,gaussian,multiscale,sharp,0.2887,0.2441,0.3486,False,2025-06-12T12:30:11.842056
enhanced_basis,bandpass,adaptive_bandstop,gaussian,laguerre,notch,0.3192,0.2604,0.3762,False,2025-06-12T12:30:14.197496
multiscale,bandpass,chebyshev,bandpass,multiscale,butterworth,0.3266,0.2578,0.3787,False,2025-06-12T12:30:16.277060
hermite,bandpass,bernstein,gaussian,parametric,butterworth,0.2916,0.2383,0.3274,False,2025-06-12T12:30:18.373056
ensemble,golden_036,enhanced_basis,band_stop,adaptive_bandstop,bandpass,0.3112,0.2563,0.368,False,2025-06-12T12:30:20.826273
hermite,notch,legendre,golden_036,golden,smooth,0.2815,0.2282,0.317,False,2025-06-12T12:30:23.781229
ensemble,golden_036,bernstein,smooth,enhanced_basis,gaussian,0.315,0.2592,0.372,False,2025-06-12T12:30:25.908229
multiscale,band_stop,bernstein,bandpass,bernstein,sharp,0.3293,0.2606,0.3819,False,2025-06-12T12:30:28.849751
golden,bandpass,ensemble,butterworth,original,sharp,0.2973,0.2497,0.3554,False,2025-06-12T12:30:31.282255
golden,golden_036,ensemble,notch,parametric,smooth,0.2898,0.244,0.3487,False,2025-06-12T12:30:33.406322
hermite,butterworth,laguerre,bandpass,original,gaussian,0.2976,0.2432,0.3369,False,2025-06-12T12:30:36.094516
legendre,sharp,golden,butterworth,laguerre,butterworth,0.3168,0.2602,0.3744,False,2025-06-12T12:30:38.220108
ensemble,bandpass,bernstein,gaussian,parametric,golden_036,0.3117,0.2578,0.3705,False,2025-06-12T12:30:40.356023
parametric,butterworth,adaptive_bandstop,bandpass,multiscale,notch,0.3179,0.2552,0.3701,False,2025-06-12T12:30:43.230454
ensemble,band_stop,bernstein,smooth,ensemble,bandpass,0.3095,0.256,0.3678,False,2025-06-12T12:30:45.686800
enhanced_basis,bandpass,bandstop,sharp,enhanced_basis,bandpass,0.3219,0.2629,0.3791,False,2025-06-12T12:30:48.111207
multiscale,sharp,spectral_basis,golden_036,jacobi,bandpass,0.3301,0.2612,0.3819,False,2025-06-12T12:30:50.229802
jacobi,sharp,legendre,butterworth,chebyshev,notch,0.3191,0.2608,0.3763,False,2025-06-12T12:30:52.853878
ensemble,golden_036,spectral_basis,sharp,adaptive_bandstop,golden_036,0.3115,0.2573,0.3686,False,2025-06-12T12:30:55.276505
multiscale,sharp,harmonic,golden_036,multiscale,smooth,0.328,0.2601,0.3802,False,2025-06-12T12:30:57.405508
spectral_basis,bandpass,multiscale,bandpass,bandstop,notch,0.2967,0.25,0.3563,False,2025-06-12T12:30:59.507308
harmonic,gaussian,hermite,notch,laguerre,gaussian,0.314,0.2589,0.3688,False,2025-06-12T12:31:01.890315
chebyshev,butterworth,harmonic,notch,original,butterworth,0.3211,0.262,0.3781,False,2025-06-12T12:31:04.011153
hermite,butterworth,chebyshev,sharp,hermite,bandpass,0.0796,0.1016,0.105,False,2025-06-12T12:31:06.110083
jacobi,notch,bandstop,band_stop,original,bandpass,0.3212,0.2627,0.3775,False,2025-06-12T12:31:08.481753
adaptive_bandstop,butterworth,parametric,gaussian,multiscale,smooth,0.3014,0.2523,0.3611,False,2025-06-12T12:31:10.590903
bernstein,gaussian,spectral_basis,band_stop,legendre,band_stop,0.3213,0.2614,0.3783,False,2025-06-12T12:31:12.699936
golden,smooth,original,butterworth,legendre,bandpass,0.2904,0.2452,0.3503,False,2025-06-12T12:31:14.799153
golden,band_stop,laguerre,sharp,golden,sharp,0.2854,0.2395,0.3432,False,2025-06-12T12:31:16.890621
bandstop,butterworth,chebyshev,golden_036,multiscale,sharp,0.3062,0.2556,0.3664,False,2025-06-12T12:31:18.993134
legendre,sharp,bernstein,bandpass,enhanced_basis,gaussian,0.3228,0.2631,0.3785,False,2025-06-12T12:31:21.641433
multiscale,smooth,harmonic,golden_036,laguerre,gaussian,0.3316,0.263,0.3837,False,2025-06-12T12:31:23.957997
hermite,bandpass,enhanced_basis,golden_036,multiscale,gaussian,0.2815,0.2279,0.3078,False,2025-06-12T12:31:26.290175
harmonic,sharp,golden,notch,jacobi,gaussian,0.2933,0.2439,0.3489,False,2025-06-12T12:31:28.627532
spectral_basis,gaussian,hermite,notch,chebyshev,notch,0.2978,0.2506,0.3573,False,2025-06-12T12:31:30.692295
ensemble,bandpass,adaptive_bandstop,bandpass,adaptive_bandstop,butterworth,0.3081,0.2546,0.3645,False,2025-06-12T12:31:33.066590
multiscale,sharp,jacobi,notch,parametric,notch,0.3275,0.2587,0.3794,False,2025-06-12T12:31:35.165099
laguerre,gaussian,legendre,butterworth,adaptive_bandstop,golden_036,0.3163,0.2605,0.3745,False,2025-06-12T12:31:37.564371
golden,smooth,original,sharp,adaptive_bandstop,notch,0.292,0.246,0.3503,False,2025-06-12T12:31:39.632627
bernstein,notch,enhanced_basis,notch,parametric,butterworth,0.317,0.2582,0.3731,False,2025-06-12T12:31:41.728650
bernstein,band_stop,original,butterworth,chebyshev,golden_036,0.3216,0.2609,0.3776,False,2025-06-12T12:31:43.851188
chebyshev,notch,hermite,butterworth,legendre,golden_036,0.3157,0.2605,0.3747,False,2025-06-12T12:31:46.228337
multiscale,gaussian,adaptive_bandstop,sharp,legendre,band_stop,0.327,0.2586,0.3776,False,2025-06-12T12:31:48.310655
harmonic,gaussian,chebyshev,bandpass,parametric,bandpass,0.2878,0.2433,0.3468,False,2025-06-12T12:31:50.366275
legendre,butterworth,chebyshev,band_stop,enhanced_basis,smooth,0.3196,0.2613,0.3768,False,2025-06-12T12:31:52.587943
parametric,butterworth,original,smooth,harmonic,notch,0.3157,0.2574,0.3712,False,2025-06-12T12:31:54.686924
chebyshev,sharp,multiscale,band_stop,parametric,band_stop,0.3148,0.2587,0.3719,False,2025-06-12T12:31:56.788756
bernstein,smooth,legendre,gaussian,enhanced_basis,notch,0.3216,0.2618,0.378,False,2025-06-12T12:31:58.874607
golden,golden_036,adaptive_bandstop,band_stop,bernstein,sharp,0.2895,0.2429,0.3469,False,2025-06-12T12:32:01.949199
hermite,bandpass,enhanced_basis,smooth,bernstein,golden_036,0.2649,0.2185,0.2882,False,2025-06-12T12:32:04.014850
spectral_basis,sharp,bandstop,bandpass,bandstop,sharp,0.2928,0.246,0.3525,False,2025-06-12T12:32:06.393085
spectral_basis,smooth,bandstop,gaussian,bandstop,notch,0.293,0.2461,0.3525,False,2025-06-12T12:32:08.717256
legendre,gaussian,laguerre,gaussian,ensemble,sharp,0.3172,0.2593,0.3737,False,2025-06-12T12:32:10.808979
harmonic,sharp,chebyshev,band_stop,parametric,smooth,0.2871,0.2424,0.3454,False,2025-06-12T12:32:12.882887
adaptive_bandstop,butterworth,bandstop,sharp,jacobi,smooth,0.3047,0.2543,0.3638,False,2025-06-12T12:32:14.952637
spectral_basis,band_stop,legendre,sharp,hermite,golden_036,0.2799,0.235,0.3359,False,2025-06-12T12:32:18.094955
ensemble,bandpass,multiscale,smooth,bernstein,butterworth,0.3143,0.2595,0.3726,False,2025-06-12T12:32:20.187585
original,bandpass,jacobi,golden_036,golden,notch,0.3244,0.262,0.3809,False,2025-06-12T12:32:22.535737
golden,gaussian,adaptive_bandstop,golden_036,harmonic,band_stop,0.2834,0.2373,0.3388,False,2025-06-12T12:32:25.475484
jacobi,band_stop,bernstein,band_stop,multiscale,butterworth,0.3167,0.2593,0.3735,False,2025-06-12T12:32:27.573629
spectral_basis,butterworth,bernstein,band_stop,enhanced_basis,golden_036,0.2978,0.2501,0.3566,False,2025-06-12T12:32:29.658542
original,sharp,parametric,bandpass,original,gaussian,0.3258,0.2607,0.3792,False,2025-06-12T12:32:31.729813
golden,band_stop,legendre,smooth,enhanced_basis,band_stop,0.2955,0.2478,0.3538,False,2025-06-12T12:32:33.847460
golden,smooth,laguerre,bandpass,spectral_basis,golden_036,0.2848,0.2385,0.3408,False,2025-06-12T12:32:36.181627
parametric,smooth,hermite,notch,bandstop,smooth,0.3243,0.2634,0.3809,False,2025-06-12T12:32:38.843175
spectral_basis,gaussian,adaptive_bandstop,golden_036,hermite,gaussian,0.2654,0.2209,0.3172,False,2025-06-12T12:32:41.552868
laguerre,band_stop,laguerre,gaussian,legendre,smooth,0.3129,0.2574,0.3705,False,2025-06-12T12:32:43.916125
harmonic,bandpass,original,golden_036,jacobi,notch,0.2855,0.2438,0.3458,False,2025-06-12T12:32:46.132195
laguerre,bandpass,original,sharp,ensemble,band_stop,0.305,0.2545,0.3635,False,2025-06-12T12:32:48.276161
harmonic,sharp,original,smooth,multiscale,sharp,0.2741,0.2358,0.3349,False,2025-06-12T12:32:50.336722
harmonic,golden_036,bandstop,smooth,jacobi,band_stop,0.293,0.2478,0.3533,False,2025-06-12T12:32:52.673893
jacobi,band_stop,bernstein,smooth,ensemble,golden_036,0.3185,0.2608,0.376,False,2025-06-12T12:32:55.084468
bandstop,smooth,enhanced_basis,butterworth,adaptive_bandstop,sharp,0.3074,0.2556,0.3668,False,2025-06-12T12:32:57.284758
multiscale,bandpass,original,gaussian,spectral_basis,notch,0.3264,0.2591,0.3779,False,2025-06-12T12:32:59.672232
enhanced_basis,sharp,hermite,butterworth,harmonic,bandpass,0.3163,0.2577,0.3719,False,2025-06-12T12:33:02.140900
original,smooth,original,gaussian,legendre,band_stop,0.3164,0.2577,0.3729,False,2025-06-12T12:33:04.625574
golden,notch,legendre,band_stop,multiscale,bandpass,0.2921,0.2461,0.3519,False,2025-06-12T12:33:08.270143
spectral_basis,gaussian,bandstop,smooth,jacobi,notch,0.2936,0.2477,0.3526,False,2025-06-12T12:33:10.426557
multiscale,sharp,adaptive_bandstop,sharp,hermite,sharp,0.3178,0.2509,0.3676,False,2025-06-12T12:33:13.308518
hermite,bandpass,multiscale,butterworth,legendre,golden_036,0.31,0.2512,0.3533,False,2025-06-12T12:33:15.398425
enhanced_basis,band_stop,bandstop,smooth,adaptive_bandstop,band_stop,0.3198,0.2621,0.3777,False,2025-06-12T12:33:17.755474
legendre,notch,jacobi,notch,bandstop,butterworth,0.3173,0.2606,0.3749,False,2025-06-12T12:33:20.122634
ensemble,bandpass,legendre,band_stop,ensemble,notch,0.3108,0.2566,0.3688,False,2025-06-12T12:33:22.281737
parametric,butterworth,bernstein,sharp,golden,notch,0.322,0.2618,0.3773,False,2025-06-12T12:33:25.624728
chebyshev,notch,adaptive_bandstop,bandpass,chebyshev,notch,0.3123,0.2579,0.3707,False,2025-06-12T12:33:27.787230
multiscale,band_stop,multiscale,golden_036,golden,band_stop,0.3307,0.2621,0.3837,False,2025-06-12T12:33:30.276061
ensemble,golden_036,bernstein,golden_036,spectral_basis,golden_036,0.3098,0.256,0.3676,False,2025-06-12T12:33:32.730645
golden,band_stop,chebyshev,golden_036,golden,notch,0.2927,0.2453,0.3503,False,2025-06-12T12:33:35.866539
bernstein,sharp,parametric,bandpass,original,band_stop,0.3208,0.2628,0.3779,False,2025-06-12T12:33:38.222689
ensemble,notch,ensemble,golden_036,multiscale,butterworth,0.3082,0.2543,0.3663,False,2025-06-12T12:33:40.333146
jacobi,notch,multiscale,smooth,bandstop,golden_036,0.3141,0.2592,0.3726,False,2025-06-12T12:33:42.938287
parametric,smooth,multiscale,band_stop,legendre,sharp,0.3235,0.2622,0.3799,False,2025-06-12T12:33:45.527660
bandstop,butterworth,ensemble,golden_036,golden,sharp,0.3081,0.2569,0.3678,False,2025-06-12T12:33:47.622483
parametric,butterworth,multiscale,smooth,golden,butterworth,0.3235,0.2627,0.3801,False,2025-06-12T12:33:50.474230
bernstein,band_stop,golden,band_stop,adaptive_bandstop,golden_036,0.3214,0.2617,0.3781,False,2025-06-12T12:33:52.540421
jacobi,smooth,golden,sharp,bandstop,band_stop,0.3197,0.2613,0.3764,False,2025-06-12T12:33:54.647179
original,gaussian,bandstop,butterworth,laguerre,butterworth,0.3147,0.259,0.3731,False,2025-06-12T12:33:56.991622
original,band_stop,jacobi,smooth,harmonic,smooth,0.2971,0.2523,0.3577,False,2025-06-12T12:33:59.135994
bandstop,sharp,harmonic,sharp,laguerre,smooth,0.3131,0.2597,0.3724,False,2025-06-12T12:34:01.208673
bandstop,bandpass,golden,band_stop,golden,butterworth,0.3074,0.2563,0.3671,False,2025-06-12T12:34:03.308416
parametric,golden_036,chebyshev,notch,jacobi,sharp,0.3207,0.2599,0.3758,False,2025-06-12T12:34:05.911546
ensemble,smooth,adaptive_bandstop,butterworth,original,gaussian,0.3149,0.258,0.3695,False,2025-06-12T12:34:08.264505
hermite,bandpass,bandstop,butterworth,enhanced_basis,butterworth,0.308,0.2492,0.3504,False,2025-06-12T12:34:10.870700
bernstein,butterworth,ensemble,band_stop,bandstop,band_stop,0.3208,0.2606,0.3772,False,2025-06-12T12:34:12.950587
multiscale,golden_036,golden,smooth,adaptive_bandstop,golden_036,0.3302,0.2621,0.3825,False,2025-06-12T12:34:15.046230
laguerre,gaussian,bandstop,notch,parametric,band_stop,0.313,0.2583,0.371,False,2025-06-12T12:34:17.373861
jacobi,smooth,harmonic,sharp,enhanced_basis,butterworth,0.3208,0.2614,0.3775,False,2025-06-12T12:34:19.467221
enhanced_basis,notch,ensemble,smooth,laguerre,notch,0.3219,0.2627,0.3795,False,2025-06-12T12:34:21.865243
bernstein,butterworth,hermite,butterworth,bernstein,band_stop,0.3188,0.2598,0.3758,False,2025-06-12T12:34:24.062107
laguerre,smooth,chebyshev,sharp,ensemble,gaussian,0.3136,0.2589,0.3726,False,2025-06-12T12:34:26.527442
parametric,smooth,golden,gaussian,laguerre,smooth,0.3253,0.2625,0.3788,False,2025-06-12T12:34:28.940891
original,bandpass,ensemble,band_stop,legendre,band_stop,0.3239,0.2612,0.3798,False,2025-06-12T12:34:31.285680
adaptive_bandstop,gaussian,jacobi,band_stop,chebyshev,band_stop,0.3051,0.2543,0.3638,False,2025-06-12T12:34:33.363127
laguerre,gaussian,original,gaussian,ensemble,gaussian,0.3126,0.2565,0.3691,False,2025-06-12T12:34:35.740230
spectral_basis,bandpass,legendre,golden_036,chebyshev,smooth,0.292,0.2458,0.3512,False,2025-06-12T12:34:37.814250
spectral_basis,notch,laguerre,gaussian,laguerre,butterworth,0.2929,0.2457,0.3503,False,2025-06-12T12:34:39.897592
parametric,sharp,bernstein,notch,chebyshev,butterworth,0.3213,0.2606,0.3776,False,2025-06-12T12:34:42.470721
parametric,butterworth,chebyshev,golden_036,original,band_stop,0.3253,0.2628,0.381,False,2025-06-12T12:34:45.028384
adaptive_bandstop,smooth,adaptive_bandstop,bandpass,adaptive_bandstop,notch,0.3023,0.252,0.3619,False,2025-06-12T12:34:47.093779
spectral_basis,bandpass,adaptive_bandstop,golden_036,spectral_basis,golden_036,0.2823,0.2348,0.3362,False,2025-06-12T12:34:49.675106
adaptive_bandstop,butterworth,chebyshev,sharp,enhanced_basis,notch,0.3067,0.2557,0.3654,False,2025-06-12T12:34:51.736263
golden,sharp,golden,notch,harmonic,smooth,0.2824,0.2364,0.3378,False,2025-06-12T12:34:54.062729
jacobi,gaussian,jacobi,notch,original,smooth,0.3198,0.2612,0.3768,False,2025-06-12T12:34:56.132686
original,band_stop,enhanced_basis,bandpass,laguerre,gaussian,0.3113,0.2576,0.3701,False,2025-06-12T12:34:58.730205
enhanced_basis,bandpass,multiscale,bandpass,multiscale,notch,0.3161,0.2584,0.3729,False,2025-06-12T12:35:01.227380
chebyshev,sharp,ensemble,bandpass,multiscale,notch,0.3153,0.259,0.3717,False,2025-06-12T12:35:03.317960
enhanced_basis,butterworth,harmonic,gaussian,jacobi,band_stop,0.3191,0.2617,0.3767,False,2025-06-12T12:35:05.674752
bernstein,notch,ensemble,sharp,chebyshev,bandpass,0.3197,0.2612,0.3768,False,2025-06-12T12:35:07.769793
bandstop,sharp,enhanced_basis,golden_036,golden,gaussian,0.3051,0.2539,0.3636,False,2025-06-12T12:35:09.855973
bernstein,sharp,original,smooth,legendre,gaussian,0.3166,0.259,0.3739,False,2025-06-12T12:35:11.922436
harmonic,smooth,spectral_basis,gaussian,jacobi,notch,0.298,0.2467,0.3536,False,2025-06-12T12:35:14.272226
adaptive_bandstop,band_stop,laguerre,band_stop,harmonic,bandpass,0.3009,0.2512,0.3595,False,2025-06-12T12:35:16.332841
jacobi,sharp,multiscale,band_stop,chebyshev,notch,0.3198,0.2617,0.377,False,2025-06-12T12:35:18.958123
harmonic,notch,laguerre,sharp,ensemble,sharp,0.2965,0.2434,0.3491,False,2025-06-12T12:35:21.385938
multiscale,sharp,golden,notch,adaptive_bandstop,gaussian,0.3302,0.2621,0.3825,False,2025-06-12T12:35:23.678201
bernstein,sharp,legendre,notch,enhanced_basis,notch,0.3217,0.262,0.3769,False,2025-06-12T12:35:25.889438
laguerre,golden_036,golden,gaussian,chebyshev,gaussian,0.3163,0.2599,0.3744,False,2025-06-12T12:35:27.995641
bandstop,gaussian,adaptive_bandstop,sharp,enhanced_basis,gaussian,0.3111,0.2573,0.3689,False,2025-06-12T12:35:30.114662
bernstein,band_stop,hermite,band_stop,chebyshev,bandpass,0.3207,0.2613,0.3777,False,2025-06-12T12:35:32.232410
jacobi,gaussian,bernstein,smooth,laguerre,golden_036,0.3212,0.262,0.3788,False,2025-06-12T12:35:34.339732
enhanced_basis,smooth,parametric,notch,bandstop,notch,0.319,0.2604,0.376,False,2025-06-12T12:35:36.713065
chebyshev,band_stop,parametric,sharp,enhanced_basis,golden_036,0.3197,0.2618,0.377,False,2025-06-12T12:35:38.869708
chebyshev,smooth,harmonic,notch,harmonic,notch,0.3159,0.2591,0.3734,False,2025-06-12T12:35:40.994051
adaptive_bandstop,gaussian,ensemble,butterworth,enhanced_basis,notch,0.3062,0.2552,0.3649,False,2025-06-12T12:35:43.159286
harmonic,golden_036,adaptive_bandstop,band_stop,laguerre,band_stop,0.2916,0.2454,0.3496,False,2025-06-12T12:35:45.292275
jacobi,smooth,bernstein,band_stop,enhanced_basis,golden_036,0.3223,0.2629,0.3797,False,2025-06-12T12:35:47.411085
ensemble,butterworth,enhanced_basis,notch,multiscale,band_stop,0.3086,0.2548,0.3663,False,2025-06-12T12:35:49.854814
laguerre,golden_036,enhanced_basis,band_stop,chebyshev,gaussian,0.3127,0.2581,0.3713,False,2025-06-12T12:35:51.975022
harmonic,notch,jacobi,band_stop,golden,sharp,0.2845,0.2401,0.3425,False,2025-06-12T12:35:54.098811
enhanced_basis,butterworth,parametric,sharp,bandstop,golden_036,0.3187,0.2602,0.3759,False,2025-06-12T12:35:56.467921
bandstop,bandpass,laguerre,notch,hermite,butterworth,0.2902,0.2464,0.3507,False,2025-06-12T12:35:58.625772
hermite,bandpass,harmonic,notch,enhanced_basis,smooth,0.3018,0.244,0.3423,False,2025-06-12T12:36:01.051059
spectral_basis,golden_036,spectral_basis,bandpass,hermite,bandpass,0.2728,0.2287,0.3277,False,2025-06-12T12:36:03.443602
chebyshev,butterworth,hermite,sharp,harmonic,bandpass,0.3173,0.2592,0.3745,False,2025-06-12T12:36:05.514438
spectral_basis,smooth,legendre,bandpass,hermite,sharp,0.2757,0.2332,0.3336,False,2025-06-12T12:36:08.992188
original,notch,adaptive_bandstop,band_stop,harmonic,gaussian,0.3145,0.2572,0.372,False,2025-06-12T12:36:11.630382
legendre,bandpass,laguerre,bandpass,original,band_stop,0.3204,0.2613,0.3768,False,2025-06-12T12:36:14.033382
bernstein,golden_036,chebyshev,band_stop,harmonic,gaussian,0.3179,0.2591,0.3744,False,2025-06-12T12:36:16.171115
golden,sharp,golden,sharp,ensemble,smooth,0.2899,0.2433,0.3474,False,2025-06-12T12:36:18.314940
bernstein,band_stop,golden,golden_036,parametric,bandpass,0.3198,0.2598,0.3766,False,2025-06-12T12:36:20.428389
golden,gaussian,enhanced_basis,sharp,original,notch,0.2956,0.2484,0.3546,False,2025-06-12T12:36:23.061357
ensemble,smooth,hermite,band_stop,original,golden_036,0.3186,0.2621,0.3765,False,2025-06-12T12:36:25.442628
hermite,smooth,original,golden_036,legendre,sharp,0.2884,0.2358,0.3216,False,2025-06-12T12:36:27.572137
spectral_basis,butterworth,adaptive_bandstop,notch,ensemble,bandpass,0.2866,0.2398,0.3423,False,2025-06-12T12:36:30.011828
multiscale,gaussian,bernstein,butterworth,hermite,band_stop,0.3202,0.2533,0.3718,False,2025-06-12T12:36:32.096722
spectral_basis,band_stop,laguerre,bandpass,bandstop,smooth,0.2893,0.2437,0.3478,False,2025-06-12T12:36:34.195361
parametric,gaussian,enhanced_basis,gaussian,laguerre,butterworth,0.3208,0.2602,0.3764,False,2025-06-12T12:36:36.545379
adaptive_bandstop,golden_036,laguerre,butterworth,adaptive_bandstop,sharp,0.3035,0.2532,0.3628,False,2025-06-12T12:36:38.647688
ensemble,bandpass,hermite,notch,laguerre,golden_036,0.3173,0.2616,0.3752,False,2025-06-12T12:36:40.793036
bernstein,golden_036,bernstein,notch,adaptive_bandstop,sharp,0.321,0.2623,0.3786,False,2025-06-12T12:36:42.929106
ensemble,sharp,spectral_basis,bandpass,ensemble,sharp,0.3106,0.2562,0.3683,False,2025-06-12T12:36:45.701774
hermite,golden_036,golden,sharp,adaptive_bandstop,sharp,0.2553,0.2213,0.3065,False,2025-06-12T12:36:47.801506
spectral_basis,butterworth,bernstein,band_stop,hermite,band_stop,0.2768,0.2344,0.3351,False,2025-06-12T12:36:49.922027
chebyshev,notch,harmonic,gaussian,parametric,bandpass,0.3126,0.2582,0.3709,False,2025-06-12T12:36:52.323161
legendre,gaussian,jacobi,golden_036,jacobi,golden_036,0.3193,0.2611,0.3765,False,2025-06-12T12:36:54.477011
bernstein,band_stop,chebyshev,bandpass,bernstein,butterworth,0.32,0.2598,0.377,False,2025-06-12T12:36:56.620998
spectral_basis,sharp,harmonic,butterworth,hermite,band_stop,0.2728,0.2295,0.3294,False,2025-06-12T12:36:59.297492
legendre,bandpass,harmonic,butterworth,golden,notch,0.318,0.2607,0.3753,False,2025-06-12T12:37:01.741504
chebyshev,butterworth,laguerre,bandpass,enhanced_basis,golden_036,0.3205,0.261,0.3769,False,2025-06-12T12:37:03.884252
jacobi,sharp,jacobi,golden_036,spectral_basis,bandpass,0.3186,0.2604,0.3755,False,2025-06-12T12:37:06.562400
adaptive_bandstop,band_stop,bandstop,band_stop,ensemble,butterworth,0.3038,0.2534,0.3629,False,2025-06-12T12:37:08.678756
ensemble,butterworth,legendre,butterworth,jacobi,butterworth,0.3115,0.2571,0.3698,False,2025-06-12T12:37:11.149914
golden,notch,golden,bandpass,bernstein,sharp,0.29,0.2436,0.3476,False,2025-06-12T12:37:13.280981
original,golden_036,harmonic,notch,parametric,sharp,0.3177,0.2586,0.3748,False,2025-06-12T12:37:15.691717
spectral_basis,bandpass,original,notch,jacobi,butterworth,0.2923,0.2465,0.3517,False,2025-06-12T12:37:17.813318
bandstop,butterworth,parametric,smooth,bernstein,notch,0.3097,0.2585,0.3702,False,2025-06-12T12:37:19.898271
hermite,notch,bandstop,notch,jacobi,band_stop,0.2964,0.2408,0.3344,False,2025-06-12T12:37:22.569513
harmonic,golden_036,adaptive_bandstop,smooth,golden,bandpass,0.2962,0.2373,0.3411,False,2025-06-12T12:37:25.763775
bandstop,band_stop,bernstein,notch,bandstop,golden_036,0.3126,0.2599,0.373,False,2025-06-12T12:37:27.900854
jacobi,gaussian,legendre,band_stop,original,notch,0.3216,0.263,0.3775,False,2025-06-12T12:37:30.577885
bernstein,butterworth,multiscale,smooth,chebyshev,bandpass,0.3164,0.2605,0.3746,False,2025-06-12T12:37:33.239326
bernstein,golden_036,original,bandpass,parametric,gaussian,0.3175,0.2582,0.3743,False,2025-06-12T12:37:35.393359
parametric,notch,harmonic,sharp,chebyshev,sharp,0.3226,0.2611,0.3783,False,2025-06-12T12:37:38.506871
original,notch,harmonic,golden_036,hermite,butterworth,0.313,0.2566,0.3696,False,2025-06-12T12:37:40.823371
bernstein,smooth,spectral_basis,butterworth,bandstop,sharp,0.3215,0.2611,0.3778,False,2025-06-12T12:37:42.921810
jacobi,gaussian,spectral_basis,butterworth,adaptive_bandstop,golden_036,0.3207,0.2621,0.378,False,2025-06-12T12:37:44.994751
bandstop,bandpass,enhanced_basis,sharp,spectral_basis,gaussian,0.3049,0.2538,0.3633,False,2025-06-12T12:37:47.230003
harmonic,bandpass,parametric,bandpass,hermite,bandpass,0.2896,0.2405,0.3481,False,2025-06-12T12:37:50.128935
multiscale,band_stop,enhanced_basis,smooth,chebyshev,gaussian,0.3278,0.2589,0.3802,False,2025-06-12T12:37:52.488150
adaptive_bandstop,butterworth,ensemble,golden_036,enhanced_basis,notch,0.306,0.255,0.3648,False,2025-06-12T12:37:54.628058
multiscale,gaussian,laguerre,butterworth,parametric,smooth,0.3236,0.2571,0.3757,False,2025-06-12T12:37:56.748600
ensemble,band_stop,spectral_basis,smooth,golden,smooth,0.3072,0.2544,0.3651,False,2025-06-12T12:37:59.494485
chebyshev,band_stop,jacobi,bandpass,bandstop,notch,0.3195,0.2604,0.3764,False,2025-06-12T12:38:02.161219
bandstop,notch,jacobi,notch,bandstop,gaussian,0.3119,0.2592,0.3724,False,2025-06-12T12:38:04.301031
bandstop,band_stop,bandstop,bandpass,golden,gaussian,0.3074,0.2568,0.368,False,2025-06-12T12:38:06.448324
harmonic,butterworth,laguerre,butterworth,spectral_basis,notch,0.2901,0.2381,0.3408,False,2025-06-12T12:38:09.446262
bandstop,smooth,bernstein,bandpass,harmonic,smooth,0.309,0.2569,0.3682,False,2025-06-12T12:38:11.580385
chebyshev,butterworth,jacobi,band_stop,golden,golden_036,0.317,0.2593,0.3743,False,2025-06-12T12:38:13.656989
enhanced_basis,notch,golden,butterworth,harmonic,bandpass,0.317,0.259,0.3734,False,2025-06-12T12:38:16.065582
ensemble,bandpass,enhanced_basis,band_stop,hermite,sharp,0.2996,0.2472,0.3559,False,2025-06-12T12:38:18.742293
legendre,notch,bernstein,butterworth,original,gaussian,0.3222,0.2634,0.378,False,2025-06-12T12:38:22.764588
spectral_basis,golden_036,golden,smooth,laguerre,sharp,0.2996,0.2506,0.3571,False,2025-06-12T12:38:25.145216
enhanced_basis,golden_036,enhanced_basis,notch,bernstein,butterworth,0.3183,0.2601,0.3753,False,2025-06-12T12:38:27.490659
chebyshev,bandpass,chebyshev,smooth,multiscale,smooth,0.3154,0.2585,0.372,False,2025-06-12T12:38:29.888674
jacobi,bandpass,adaptive_bandstop,notch,spectral_basis,sharp,0.3132,0.256,0.3696,False,2025-06-12T12:38:32.270916
jacobi,golden_036,adaptive_bandstop,bandpass,bernstein,bandpass,0.3128,0.2564,0.3698,False,2025-06-12T12:38:34.421746
adaptive_bandstop,smooth,original,bandpass,harmonic,band_stop,0.3027,0.2521,0.3614,False,2025-06-12T12:38:36.528572
legendre,sharp,spectral_basis,bandpass,parametric,smooth,0.317,0.2598,0.3745,False,2025-06-12T12:38:40.582171
original,smooth,ensemble,gaussian,harmonic,smooth,0.317,0.2584,0.3734,False,2025-06-12T12:38:43.010562
enhanced_basis,gaussian,original,golden_036,ensemble,gaussian,0.3166,0.2585,0.373,False,2025-06-12T12:38:45.422252
golden,notch,laguerre,sharp,ensemble,golden_036,0.289,0.2433,0.348,False,2025-06-12T12:38:47.551670
laguerre,smooth,legendre,gaussian,enhanced_basis,sharp,0.3149,0.2599,0.3731,False,2025-06-12T12:38:49.653883
bandstop,smooth,laguerre,band_stop,hermite,bandpass,0.2909,0.2465,0.3506,False,2025-06-12T12:38:51.800521
spectral_basis,notch,ensemble,bandpass,spectral_basis,band_stop,0.2877,0.2408,0.3443,False,2025-06-12T12:38:53.949947
golden,smooth,chebyshev,smooth,multiscale,smooth,0.2922,0.2463,0.3522,False,2025-06-12T12:38:56.804307
bernstein,band_stop,enhanced_basis,sharp,original,golden_036,0.3196,0.2595,0.3755,False,2025-06-12T12:38:58.897309
harmonic,smooth,ensemble,notch,laguerre,gaussian,0.308,0.2544,0.3629,False,2025-06-12T12:39:01.525236
jacobi,smooth,enhanced_basis,smooth,adaptive_bandstop,golden_036,0.3163,0.2586,0.3728,False,2025-06-12T12:39:03.629690
hermite,band_stop,bernstein,golden_036,enhanced_basis,butterworth,0.3071,0.2451,0.3462,False,2025-06-12T12:39:05.845188
bandstop,bandpass,chebyshev,smooth,hermite,sharp,0.2915,0.248,0.3532,False,2025-06-12T12:39:07.938337
original,butterworth,ensemble,gaussian,multiscale,smooth,0.3164,0.2589,0.3735,False,2025-06-12T12:39:10.441996
bandstop,notch,original,butterworth,original,bandpass,0.3097,0.2576,0.3693,False,2025-06-12T12:39:12.610550
bernstein,bandpass,original,band_stop,harmonic,gaussian,0.3134,0.2554,0.3684,False,2025-06-12T12:39:14.975432
chebyshev,smooth,adaptive_bandstop,bandpass,spectral_basis,gaussian,0.3147,0.2571,0.3713,False,2025-06-12T12:39:17.444651
parametric,notch,original,golden_036,spectral_basis,bandpass,0.3164,0.2585,0.373,False,2025-06-12T12:39:19.930347
adaptive_bandstop,smooth,bernstein,bandpass,enhanced_basis,sharp,0.3063,0.2553,0.3651,False,2025-06-12T12:39:22.397372
harmonic,smooth,legendre,band_stop,harmonic,bandpass,0.2824,0.2385,0.3408,False,2025-06-12T12:39:24.839339
laguerre,smooth,bandstop,butterworth,bandstop,butterworth,0.3137,0.2587,0.3712,False,2025-06-12T12:39:27.646754
legendre,butterworth,laguerre,band_stop,spectral_basis,golden_036,0.3148,0.2577,0.3711,False,2025-06-12T12:39:30.091913
parametric,sharp,jacobi,band_stop,legendre,bandpass,0.3231,0.2622,0.3792,False,2025-06-12T12:39:33.504315
enhanced_basis,golden_036,bernstein,bandpass,jacobi,notch,0.3189,0.2608,0.3762,False,2025-06-12T12:39:36.271647
spectral_basis,notch,adaptive_bandstop,smooth,spectral_basis,golden_036,0.2823,0.2348,0.3362,False,2025-06-12T12:39:39.498966
bandstop,smooth,bernstein,smooth,bernstein,notch,0.3087,0.2578,0.3693,False,2025-06-12T12:39:41.983214
jacobi,sharp,chebyshev,notch,multiscale,butterworth,0.317,0.259,0.3739,False,2025-06-12T12:39:45.095339
hermite,butterworth,multiscale,gaussian,multiscale,smooth,0.3146,0.2519,0.358,False,2025-06-12T12:39:48.829357
jacobi,notch,multiscale,golden_036,adaptive_bandstop,gaussian,0.3186,0.2613,0.375,False,2025-06-12T12:39:51.973488
multiscale,bandpass,chebyshev,butterworth,harmonic,smooth,0.3273,0.259,0.3785,False,2025-06-12T12:39:54.436701
bandstop,gaussian,bandstop,gaussian,legendre,sharp,0.3079,0.2566,0.3681,False,2025-06-12T12:39:56.921961
multiscale,gaussian,harmonic,notch,original,notch,0.3317,0.2629,0.3835,False,2025-06-12T12:39:59.680695
bandstop,notch,adaptive_bandstop,gaussian,multiscale,golden_036,0.3043,0.2535,0.3632,False,2025-06-12T12:40:02.140502
adaptive_bandstop,gaussian,golden,notch,adaptive_bandstop,band_stop,0.3064,0.2555,0.3656,False,2025-06-12T12:40:04.624726
adaptive_bandstop,bandpass,ensemble,bandpass,hermite,smooth,0.2968,0.2497,0.3571,False,2025-06-12T12:40:07.127736
golden,butterworth,harmonic,golden_036,parametric,bandpass,0.2888,0.2439,0.3476,False,2025-06-12T12:40:09.626233
original,notch,hermite,smooth,ensemble,golden_036,0.3185,0.2592,0.3762,False,2025-06-12T12:40:12.477671
adaptive_bandstop,notch,ensemble,golden_036,multiscale,golden_036,0.3005,0.2514,0.36,False,2025-06-12T12:40:14.989379
spectral_basis,notch,ensemble,sharp,original,bandpass,0.2988,0.2509,0.358,False,2025-06-12T12:40:18.148133
ensemble,butterworth,ensemble,butterworth,adaptive_bandstop,smooth,0.3114,0.2574,0.3691,False,2025-06-12T12:40:21.063579
multiscale,smooth,chebyshev,notch,harmonic,smooth,0.3278,0.2591,0.3789,False,2025-06-12T12:40:23.532620
bandstop,golden_036,jacobi,butterworth,original,gaussian,0.3221,0.2632,0.3779,False,2025-06-12T12:40:26.688396
hermite,gaussian,ensemble,notch,enhanced_basis,butterworth,0.2989,0.2387,0.3359,False,2025-06-12T12:40:29.214915
original,sharp,bandstop,golden_036,spectral_basis,golden_036,0.3245,0.26,0.3775,False,2025-06-12T12:40:31.683592
original,butterworth,legendre,notch,ensemble,bandpass,0.318,0.2603,0.3757,False,2025-06-12T12:40:34.587374
hermite,band_stop,chebyshev,butterworth,enhanced_basis,notch,0.3123,0.2522,0.355,False,2025-06-12T12:40:38.086561
harmonic,butterworth,laguerre,notch,golden,golden_036,0.2942,0.2411,0.3453,False,2025-06-12T12:40:41.560896
legendre,notch,laguerre,golden_036,adaptive_bandstop,sharp,0.3142,0.2584,0.3715,False,2025-06-12T12:40:44.010619
golden,golden_036,legendre,sharp,adaptive_bandstop,smooth,0.2961,0.2494,0.3548,False,2025-06-12T12:40:46.476212
jacobi,butterworth,laguerre,butterworth,jacobi,sharp,0.315,0.2575,0.3709,False,2025-06-12T12:40:48.985899
legendre,sharp,original,notch,parametric,butterworth,0.3119,0.2578,0.3698,False,2025-06-12T12:40:51.446904
adaptive_bandstop,gaussian,original,gaussian,original,notch,0.305,0.2544,0.3638,False,2025-06-12T12:40:53.925849
bandstop,notch,enhanced_basis,notch,bernstein,gaussian,0.3054,0.2549,0.3656,False,2025-06-12T12:40:56.414598
original,bandpass,original,golden_036,original,band_stop,0.3274,0.262,0.3817,False,2025-06-12T12:40:59.228256
laguerre,notch,multiscale,golden_036,spectral_basis,band_stop,0.3152,0.259,0.3729,False,2025-06-12T12:41:01.665651
laguerre,bandpass,bernstein,sharp,ensemble,bandpass,0.3063,0.2558,0.3653,False,2025-06-12T12:41:04.195722
multiscale,smooth,bandstop,sharp,laguerre,bandpass,0.3314,0.2628,0.3839,False,2025-06-12T12:41:07.349409
chebyshev,golden_036,adaptive_bandstop,gaussian,bandstop,smooth,0.3173,0.2596,0.3735,False,2025-06-12T12:41:09.786731
bandstop,butterworth,multiscale,butterworth,bernstein,bandpass,0.3103,0.259,0.3706,False,2025-06-12T12:41:12.222561
hermite,gaussian,golden,smooth,adaptive_bandstop,band_stop,0.2808,0.2279,0.3152,False,2025-06-12T12:41:14.650695
laguerre,sharp,laguerre,butterworth,legendre,sharp,0.3209,0.2591,0.3757,False,2025-06-12T12:41:17.090328
multiscale,golden_036,laguerre,band_stop,jacobi,sharp,0.3252,0.2574,0.377,False,2025-06-12T12:41:19.607238
bandstop,notch,multiscale,band_stop,spectral_basis,gaussian,0.3084,0.2582,0.3688,False,2025-06-12T12:41:22.103577
bernstein,smooth,legendre,sharp,parametric,bandpass,0.3195,0.2607,0.3768,False,2025-06-12T12:41:24.546176
bernstein,gaussian,adaptive_bandstop,golden_036,chebyshev,gaussian,0.319,0.2591,0.3746,False,2025-06-12T12:41:27.038430
chebyshev,smooth,hermite,band_stop,original,golden_036,0.3223,0.2638,0.3795,False,2025-06-12T12:41:31.504207
bernstein,band_stop,hermite,band_stop,hermite,butterworth,0.3111,0.2523,0.3659,False,2025-06-12T12:41:34.010151
bernstein,butterworth,adaptive_bandstop,smooth,harmonic,sharp,0.3177,0.2574,0.3721,False,2025-06-12T12:41:36.458163
legendre,smooth,spectral_basis,sharp,spectral_basis,sharp,0.3162,0.2589,0.3734,False,2025-06-12T12:41:38.924552
laguerre,bandpass,adaptive_bandstop,butterworth,legendre,gaussian,0.3042,0.2531,0.3626,False,2025-06-12T12:41:41.357081
enhanced_basis,smooth,ensemble,butterworth,golden,gaussian,0.3182,0.2609,0.376,False,2025-06-12T12:41:44.217933
enhanced_basis,butterworth,enhanced_basis,butterworth,multiscale,notch,0.3162,0.2581,0.3726,False,2025-06-12T12:41:46.983910
chebyshev,band_stop,multiscale,notch,original,golden_036,0.3218,0.2626,0.3795,False,2025-06-12T12:41:50.473280
golden,golden_036,golden,notch,chebyshev,butterworth,0.2924,0.246,0.351,False,2025-06-12T12:41:52.879780
bernstein,sharp,laguerre,gaussian,enhanced_basis,golden_036,0.3189,0.2597,0.3733,False,2025-06-12T12:41:55.319851
legendre,golden_036,laguerre,notch,ensemble,golden_036,0.3148,0.2586,0.3721,False,2025-06-12T12:41:57.746965
laguerre,notch,bandstop,gaussian,legendre,band_stop,0.317,0.26,0.375,False,2025-06-12T12:42:00.186960
spectral_basis,band_stop,ensemble,golden_036,laguerre,notch,0.2962,0.2493,0.3558,False,2025-06-12T12:42:02.827341
golden,notch,legendre,smooth,chebyshev,golden_036,0.2933,0.2468,0.3522,False,2025-06-12T12:42:05.324884
jacobi,notch,parametric,smooth,laguerre,band_stop,0.321,0.2631,0.3784,False,2025-06-12T12:42:08.080685
laguerre,gaussian,jacobi,butterworth,adaptive_bandstop,golden_036,0.3163,0.2605,0.3745,False,2025-06-12T12:42:10.893847
spectral_basis,butterworth,harmonic,gaussian,adaptive_bandstop,gaussian,0.2939,0.2477,0.3517,False,2025-06-12T12:42:13.351213
golden,smooth,adaptive_bandstop,gaussian,laguerre,golden_036,0.2954,0.2479,0.3534,False,2025-06-12T12:42:16.120642
chebyshev,bandpass,legendre,butterworth,ensemble,bandpass,0.3182,0.261,0.3759,False,2025-06-12T12:42:18.970699
laguerre,smooth,harmonic,sharp,laguerre,bandpass,0.3182,0.2615,0.3764,False,2025-06-12T12:42:22.707249
multiscale,notch,adaptive_bandstop,bandpass,adaptive_bandstop,butterworth,0.3276,0.2606,0.3789,False,2025-06-12T12:42:25.170805
harmonic,band_stop,golden,butterworth,parametric,butterworth,0.2898,0.2406,0.3456,False,2025-06-12T12:42:27.972039
ensemble,butterworth,legendre,band_stop,chebyshev,band_stop,0.3118,0.2572,0.3698,False,2025-06-12T12:42:30.822590
laguerre,notch,original,golden_036,bandstop,sharp,0.3155,0.2589,0.374,False,2025-06-12T12:42:33.320361
multiscale,band_stop,ensemble,sharp,spectral_basis,butterworth,0.3287,0.2603,0.3811,False,2025-06-12T12:42:36.174234
chebyshev,gaussian,golden,golden_036,original,golden_036,0.32,0.2616,0.3758,False,2025-06-12T12:42:39.651314
bandstop,golden_036,jacobi,notch,bandstop,notch,0.3119,0.2592,0.3724,False,2025-06-12T12:42:42.215562
hermite,butterworth,legendre,golden_036,laguerre,bandpass,0.3125,0.2528,0.3564,False,2025-06-12T12:42:45.932284
jacobi,gaussian,adaptive_bandstop,smooth,multiscale,butterworth,0.3161,0.2575,0.372,False,2025-06-12T12:42:48.393752
legendre,sharp,bandstop,butterworth,parametric,sharp,0.3154,0.2584,0.3725,False,2025-06-12T12:42:51.467535
jacobi,sharp,golden,notch,original,band_stop,0.3207,0.2618,0.3762,False,2025-06-12T12:42:54.602343
harmonic,gaussian,parametric,butterworth,chebyshev,sharp,0.2922,0.2462,0.3511,False,2025-06-12T12:42:57.135997
golden,bandpass,spectral_basis,bandpass,chebyshev,butterworth,0.2936,0.2469,0.3522,False,2025-06-12T12:42:59.244228
original,smooth,parametric,band_stop,ensemble,gaussian,0.3178,0.2609,0.376,False,2025-06-12T12:43:01.654538
golden,golden_036,golden,butterworth,spectral_basis,band_stop,0.2853,0.239,0.3414,False,2025-06-12T12:43:03.789257
spectral_basis,gaussian,hermite,sharp,spectral_basis,bandpass,0.2945,0.2485,0.3525,False,2025-06-12T12:43:06.206466
parametric,golden_036,bandstop,butterworth,multiscale,butterworth,0.3221,0.2591,0.3768,False,2025-06-12T12:43:09.167758
hermite,smooth,harmonic,bandpass,multiscale,band_stop,0.3035,0.2428,0.3433,False,2025-06-12T12:43:13.404383
ensemble,gaussian,parametric,bandpass,golden,notch,0.3119,0.2582,0.3707,False,2025-06-12T12:43:15.792225
harmonic,notch,enhanced_basis,smooth,laguerre,notch,0.3099,0.2533,0.3623,False,2025-06-12T12:43:18.188336
enhanced_basis,notch,bandstop,band_stop,parametric,notch,0.3162,0.2588,0.3736,False,2025-06-12T12:43:20.570503
bandstop,gaussian,harmonic,sharp,bandstop,sharp,0.3127,0.2601,0.3722,False,2025-06-12T12:43:22.647892
original,gaussian,jacobi,smooth,parametric,sharp,0.3117,0.256,0.3691,False,2025-06-12T12:43:24.995291
harmonic,sharp,chebyshev,gaussian,harmonic,butterworth,0.2814,0.2374,0.3388,False,2025-06-12T12:43:27.094096
hermite,bandpass,chebyshev,bandpass,laguerre,golden_036,0.3097,0.2507,0.3524,False,2025-06-12T12:43:29.451612
multiscale,butterworth,ensemble,bandpass,spectral_basis,notch,0.3284,0.2602,0.3804,False,2025-06-12T12:43:31.557146
multiscale,butterworth,spectral_basis,bandpass,harmonic,golden_036,0.3281,0.2598,0.3795,False,2025-06-12T12:43:33.690333
bandstop,sharp,hermite,smooth,original,sharp,0.3128,0.2598,0.373,False,2025-06-12T12:43:35.856346
original,sharp,hermite,notch,golden,sharp,0.324,0.2594,0.3765,False,2025-06-12T12:43:37.948748
harmonic,smooth,chebyshev,notch,parametric,smooth,0.2876,0.2431,0.3471,False,2025-06-12T12:43:40.101820
legendre,sharp,parametric,band_stop,adaptive_bandstop,bandpass,0.3207,0.2624,0.378,False,2025-06-12T12:43:42.828648
adaptive_bandstop,notch,legendre,bandpass,laguerre,golden_036,0.3074,0.2562,0.3663,False,2025-06-12T12:43:45.076509
jacobi,bandpass,laguerre,bandpass,legendre,notch,0.3169,0.259,0.3739,False,2025-06-12T12:43:48.034326
hermite,bandpass,golden,smooth,spectral_basis,smooth,0.2387,0.1864,0.247,False,2025-06-12T12:43:50.751928
ensemble,smooth,legendre,butterworth,jacobi,smooth,0.3117,0.2569,0.3698,False,2025-06-12T12:43:53.533281
hermite,notch,laguerre,butterworth,parametric,butterworth,0.2474,0.2093,0.277,False,2025-06-12T12:43:55.640180
original,butterworth,bandstop,band_stop,enhanced_basis,sharp,0.3199,0.2619,0.3773,False,2025-06-12T12:43:58.055570
adaptive_bandstop,bandpass,bernstein,bandpass,spectral_basis,gaussian,0.3015,0.2515,0.3609,False,2025-06-12T12:44:00.138306
spectral_basis,smooth,bernstein,notch,legendre,golden_036,0.295,0.2482,0.3539,False,2025-06-12T12:44:02.195993
chebyshev,golden_036,adaptive_bandstop,notch,enhanced_basis,band_stop,0.317,0.2592,0.3728,False,2025-06-12T12:44:04.302650
adaptive_bandstop,sharp,spectral_basis,golden_036,harmonic,sharp,0.3028,0.2522,0.3617,False,2025-06-12T12:44:06.451677
spectral_basis,golden_036,adaptive_bandstop,smooth,golden,bandpass,0.2851,0.2374,0.3393,False,2025-06-12T12:44:09.586833
bernstein,bandpass,chebyshev,bandpass,adaptive_bandstop,bandpass,0.3193,0.2606,0.3757,False,2025-06-12T12:44:12.422541
legendre,band_stop,laguerre,gaussian,ensemble,notch,0.316,0.2583,0.3722,False,2025-06-12T12:44:14.612224
bernstein,golden_036,jacobi,bandpass,bernstein,golden_036,0.3202,0.2612,0.3772,False,2025-06-12T12:44:16.714017
harmonic,golden_036,ensemble,smooth,spectral_basis,sharp,0.2942,0.2426,0.3485,False,2025-06-12T12:44:19.131573
ensemble,gaussian,parametric,sharp,bernstein,smooth,0.3137,0.259,0.3723,False,2025-06-12T12:44:21.635118
laguerre,gaussian,adaptive_bandstop,band_stop,bernstein,smooth,0.312,0.257,0.3703,False,2025-06-12T12:44:24.062840
original,bandpass,golden,golden_036,jacobi,sharp,0.3261,0.2619,0.3818,False,2025-06-12T12:44:26.467762
hermite,golden_036,legendre,bandpass,harmonic,bandpass,0.2395,0.2043,0.2832,False,2025-06-12T12:44:28.578553
adaptive_bandstop,bandpass,harmonic,smooth,jacobi,gaussian,0.3047,0.2542,0.3634,False,2025-06-12T12:44:30.678525
bandstop,golden_036,spectral_basis,smooth,golden,bandpass,0.3076,0.2567,0.3676,False,2025-06-12T12:44:32.778313
original,gaussian,hermite,bandpass,original,gaussian,0.319,0.2617,0.3768,False,2025-06-12T12:44:35.639238
spectral_basis,gaussian,hermite,bandpass,original,gaussian,0.2989,0.2517,0.3579,False,2025-06-12T12:44:37.807204
enhanced_basis,gaussian,hermite,bandpass,original,gaussian,0.323,0.2635,0.3807,False,2025-06-12T12:44:40.305981
chebyshev,gaussian,hermite,bandpass,original,gaussian,0.3222,0.2639,0.3804,False,2025-06-12T12:44:43.281707
jacobi,gaussian,hermite,bandpass,original,gaussian,0.3212,0.2636,0.3796,False,2025-06-12T12:44:46.038492
legendre,gaussian,hermite,bandpass,original,gaussian,0.3212,0.2636,0.3796,False,2025-06-12T12:44:48.814306
laguerre,gaussian,hermite,bandpass,original,gaussian,0.3173,0.2611,0.3757,False,2025-06-12T12:44:51.292658
hermite,gaussian,hermite,bandpass,original,gaussian,0.3191,0.2564,0.3653,False,2025-06-12T12:44:53.409168
bernstein,gaussian,hermite,bandpass,original,gaussian,0.3212,0.2638,0.3792,False,2025-06-12T12:44:56.135801
bandstop,gaussian,hermite,bandpass,original,gaussian,0.3088,0.2578,0.3701,False,2025-06-12T12:44:58.291223
adaptive_bandstop,gaussian,hermite,bandpass,original,gaussian,0.3078,0.2566,0.3668,False,2025-06-12T12:45:00.420544
parametric,gaussian,hermite,bandpass,original,gaussian,0.3275,0.265,0.383,False,2025-06-12T12:45:03.290202
harmonic,gaussian,hermite,bandpass,original,gaussian,0.3183,0.2602,0.3714,False,2025-06-12T12:45:05.889454
golden,gaussian,hermite,bandpass,original,gaussian,0.3024,0.2539,0.3611,False,2025-06-12T12:45:08.578244
ensemble,gaussian,hermite,bandpass,original,gaussian,0.3172,0.2613,0.375,False,2025-06-12T12:45:11.054714
multiscale,smooth,hermite,bandpass,original,gaussian,0.334,0.2648,0.3869,False,2025-06-12T12:45:13.464381
multiscale,sharp,hermite,bandpass,original,gaussian,0.334,0.2648,0.3869,False,2025-06-12T12:45:15.809246
multiscale,bandpass,hermite,bandpass,original,gaussian,0.334,0.2648,0.3869,False,2025-06-12T12:45:18.117595
multiscale,golden_036,hermite,bandpass,original,gaussian,0.334,0.2648,0.3869,False,2025-06-12T12:45:20.480232
multiscale,butterworth,hermite,bandpass,original,gaussian,0.334,0.2648,0.3869,False,2025-06-12T12:45:22.808087
multiscale,band_stop,hermite,bandpass,original,gaussian,0.334,0.2648,0.3869,False,2025-06-12T12:45:25.116605
multiscale,notch,hermite,bandpass,original,gaussian,0.334,0.2648,0.3869,False,2025-06-12T12:45:27.471648
multiscale,gaussian,original,bandpass,original,gaussian,0.329,0.2611,0.3803,False,2025-06-12T12:45:29.797658
multiscale,gaussian,spectral_basis,bandpass,original,gaussian,0.3313,0.2629,0.3833,False,2025-06-12T12:45:32.129010
multiscale,gaussian,enhanced_basis,bandpass,original,gaussian,0.3297,0.2618,0.3825,False,2025-06-12T12:45:34.489560
multiscale,gaussian,chebyshev,bandpass,original,gaussian,0.3314,0.2627,0.3839,False,2025-06-12T12:45:36.886407
multiscale,gaussian,jacobi,bandpass,original,gaussian,0.3311,0.2627,0.3837,False,2025-06-12T12:45:39.256282
multiscale,gaussian,legendre,bandpass,original,gaussian,0.3311,0.2627,0.3837,False,2025-06-12T12:45:41.656654
multiscale,gaussian,laguerre,bandpass,original,gaussian,0.3309,0.2629,0.3828,False,2025-06-12T12:45:44.052492
multiscale,gaussian,bernstein,bandpass,original,gaussian,0.3312,0.2629,0.3838,False,2025-06-12T12:45:46.426677
multiscale,gaussian,bandstop,bandpass,original,gaussian,0.3309,0.2622,0.3843,False,2025-06-12T12:45:49.030265
multiscale,gaussian,adaptive_bandstop,bandpass,original,gaussian,0.3285,0.2608,0.3813,False,2025-06-12T12:45:51.633370
multiscale,gaussian,parametric,bandpass,original,gaussian,0.3328,0.2641,0.3858,False,2025-06-12T12:45:53.969231
multiscale,gaussian,multiscale,bandpass,original,gaussian,0.3327,0.2636,0.3853,False,2025-06-12T12:45:56.293055
multiscale,gaussian,harmonic,bandpass,original,gaussian,0.3314,0.2625,0.3832,False,2025-06-12T12:45:58.608223
multiscale,gaussian,golden,bandpass,original,gaussian,0.3308,0.2625,0.3826,False,2025-06-12T12:46:00.941471
multiscale,gaussian,ensemble,bandpass,original,gaussian,0.3306,0.2622,0.3831,False,2025-06-12T12:46:04.121280
multiscale,gaussian,hermite,smooth,original,gaussian,0.334,0.2648,0.387,False,2025-06-12T12:46:06.472410
multiscale,gaussian,hermite,sharp,original,gaussian,0.334,0.2648,0.3868,False,2025-06-12T12:46:08.811524
multiscale,gaussian,hermite,golden_036,original,gaussian,0.3341,0.2649,0.3868,False,2025-06-12T12:46:11.148353
multiscale,gaussian,hermite,butterworth,original,gaussian,0.3338,0.2648,0.3869,False,2025-06-12T12:46:13.770030
multiscale,gaussian,hermite,gaussian,original,gaussian,0.3339,0.2647,0.3867,False,2025-06-12T12:46:16.223570
multiscale,gaussian,hermite,band_stop,original,gaussian,0.3338,0.2646,0.3865,False,2025-06-12T12:46:18.696878
multiscale,gaussian,hermite,notch,original,gaussian,0.3342,0.265,0.387,False,2025-06-12T12:46:21.190317
multiscale,gaussian,hermite,bandpass,spectral_basis,gaussian,0.3324,0.2639,0.3852,False,2025-06-12T12:46:23.358047
multiscale,gaussian,hermite,bandpass,enhanced_basis,gaussian,0.3337,0.2647,0.386,False,2025-06-12T12:46:25.584982
multiscale,gaussian,hermite,bandpass,chebyshev,gaussian,0.3324,0.2635,0.3848,False,2025-06-12T12:46:27.764060
multiscale,gaussian,hermite,bandpass,jacobi,gaussian,0.3322,0.2635,0.3847,False,2025-06-12T12:46:29.934677
multiscale,gaussian,hermite,bandpass,legendre,gaussian,0.3322,0.2635,0.3847,False,2025-06-12T12:46:32.137549
multiscale,gaussian,hermite,bandpass,laguerre,gaussian,0.3339,0.2645,0.3863,False,2025-06-12T12:46:34.322814
multiscale,gaussian,hermite,bandpass,hermite,gaussian,0.32,0.2529,0.3718,False,2025-06-12T12:46:36.503998
multiscale,gaussian,hermite,bandpass,bernstein,gaussian,0.3309,0.262,0.3829,False,2025-06-12T12:46:38.699039
multiscale,gaussian,hermite,bandpass,bandstop,gaussian,0.3304,0.2617,0.3816,False,2025-06-12T12:46:40.832304
multiscale,gaussian,hermite,bandpass,adaptive_bandstop,gaussian,0.3331,0.2645,0.3863,False,2025-06-12T12:46:42.990907
multiscale,gaussian,hermite,bandpass,parametric,gaussian,0.3306,0.2621,0.383,False,2025-06-12T12:46:45.158573
multiscale,gaussian,hermite,bandpass,multiscale,gaussian,0.328,0.2596,0.3802,False,2025-06-12T12:46:47.336954
multiscale,gaussian,hermite,bandpass,harmonic,gaussian,0.33,0.2611,0.3821,False,2025-06-12T12:46:49.481069
multiscale,gaussian,hermite,bandpass,golden,gaussian,0.3313,0.2625,0.3842,False,2025-06-12T12:46:53.820682
multiscale,gaussian,hermite,bandpass,ensemble,gaussian,0.3328,0.2642,0.3854,False,2025-06-12T12:46:56.005237
multiscale,gaussian,hermite,bandpass,original,smooth,0.3345,0.2651,0.3869,False,2025-06-12T12:46:58.436209
multiscale,gaussian,hermite,bandpass,original,sharp,0.3319,0.263,0.3839,False,2025-06-12T12:47:00.585381
multiscale,gaussian,hermite,bandpass,original,bandpass,0.333,0.263,0.385,False,2025-06-12T12:47:03.035866
multiscale,gaussian,hermite,bandpass,original,golden_036,0.3341,0.2645,0.3865,False,2025-06-12T12:47:05.473184
multiscale,gaussian,hermite,bandpass,original,butterworth,0.3344,0.265,0.387,False,2025-06-12T12:47:07.936735
multiscale,gaussian,hermite,bandpass,original,band_stop,0.3338,0.2647,0.3867,False,2025-06-12T12:47:10.380867
multiscale,gaussian,hermite,bandpass,original,notch,0.3332,0.2643,0.3863,False,2025-06-12T12:47:13.137327
original,notch,parametric,notch,original,golden_036,0.32,0.262,0.3776,False,2025-06-12T12:47:15.599425
spectral_basis,notch,parametric,notch,original,golden_036,0.303,0.2539,0.3611,False,2025-06-12T12:47:18.589481
enhanced_basis,notch,parametric,notch,original,golden_036,0.3228,0.2633,0.3802,False,2025-06-12T12:47:21.052372
chebyshev,notch,parametric,notch,original,golden_036,0.3214,0.2634,0.3785,False,2025-06-12T12:47:23.503118
jacobi,notch,parametric,notch,original,golden_036,0.3216,0.2634,0.3782,False,2025-06-12T12:47:25.929235
legendre,notch,parametric,notch,original,golden_036,0.3216,0.2634,0.3782,False,2025-06-12T12:47:28.390562
laguerre,notch,parametric,notch,original,golden_036,0.3184,0.2607,0.3756,False,2025-06-12T12:47:30.523304
hermite,notch,parametric,notch,original,golden_036,0.316,0.255,0.3597,False,2025-06-12T12:47:32.975063
bernstein,notch,parametric,notch,original,golden_036,0.3216,0.263,0.3785,False,2025-06-12T12:47:35.444567
bandstop,notch,parametric,notch,original,golden_036,0.31,0.2584,0.3705,False,2025-06-12T12:47:37.639915
adaptive_bandstop,notch,parametric,notch,original,golden_036,0.3044,0.2543,0.3627,False,2025-06-12T12:47:40.051617
parametric,notch,parametric,notch,original,golden_036,0.3269,0.2642,0.3819,False,2025-06-12T12:47:42.791400
harmonic,notch,parametric,notch,original,golden_036,0.3194,0.2592,0.3705,False,2025-06-12T12:47:46.207466
golden,notch,parametric,notch,original,golden_036,0.302,0.2536,0.3608,False,2025-06-12T12:47:49.240515
ensemble,notch,parametric,notch,original,golden_036,0.3186,0.2618,0.3756,False,2025-06-12T12:47:51.980747
multiscale,smooth,parametric,notch,original,golden_036,0.3321,0.2633,0.3847,False,2025-06-12T12:47:54.418289
multiscale,sharp,parametric,notch,original,golden_036,0.3321,0.2633,0.3847,False,2025-06-12T12:47:56.853025
multiscale,bandpass,parametric,notch,original,golden_036,0.3321,0.2633,0.3847,False,2025-06-12T12:47:59.302485
multiscale,golden_036,parametric,notch,original,golden_036,0.3321,0.2633,0.3847,False,2025-06-12T12:48:01.771718
multiscale,butterworth,parametric,notch,original,golden_036,0.3321,0.2633,0.3847,False,2025-06-12T12:48:04.212433
multiscale,gaussian,parametric,notch,original,golden_036,0.3321,0.2633,0.3847,False,2025-06-12T12:48:06.649399
multiscale,band_stop,parametric,notch,original,golden_036,0.3321,0.2633,0.3847,False,2025-06-12T12:48:09.102095
multiscale,notch,original,notch,original,golden_036,0.3287,0.2599,0.3805,False,2025-06-12T12:48:12.185853
multiscale,notch,spectral_basis,notch,original,golden_036,0.3306,0.2622,0.383,False,2025-06-12T12:48:14.633439
multiscale,notch,enhanced_basis,notch,original,golden_036,0.3305,0.2624,0.3827,False,2025-06-12T12:48:17.039759
multiscale,notch,chebyshev,notch,original,golden_036,0.3301,0.2615,0.3826,False,2025-06-12T12:48:19.478210
multiscale,notch,jacobi,notch,original,golden_036,0.3304,0.2617,0.3828,False,2025-06-12T12:48:21.929008
multiscale,notch,legendre,notch,original,golden_036,0.3304,0.2617,0.3828,False,2025-06-12T12:48:24.391388
multiscale,notch,laguerre,notch,original,golden_036,0.328,0.2602,0.3789,False,2025-06-12T12:48:26.854122
multiscale,notch,hermite,notch,original,golden_036,0.3326,0.2639,0.3856,False,2025-06-12T12:48:29.612012
multiscale,notch,bernstein,notch,original,golden_036,0.3312,0.262,0.3842,False,2025-06-12T12:48:32.322774
multiscale,notch,bandstop,notch,original,golden_036,0.3312,0.2625,0.3836,False,2025-06-12T12:48:34.760467
multiscale,notch,adaptive_bandstop,notch,original,golden_036,0.3292,0.2616,0.3813,False,2025-06-12T12:48:37.215674
multiscale,notch,multiscale,notch,original,golden_036,0.3321,0.2631,0.3848,False,2025-06-12T12:48:39.660601
multiscale,notch,harmonic,notch,original,golden_036,0.3315,0.2629,0.3838,False,2025-06-12T12:48:42.083736
multiscale,notch,golden,notch,original,golden_036,0.3302,0.262,0.3824,False,2025-06-12T12:48:44.541266
multiscale,notch,ensemble,notch,original,golden_036,0.3303,0.262,0.3832,False,2025-06-12T12:48:47.010015
multiscale,notch,parametric,smooth,original,golden_036,0.3321,0.2633,0.3847,False,2025-06-12T12:48:49.535296
multiscale,notch,parametric,sharp,original,golden_036,0.3321,0.2633,0.3847,False,2025-06-12T12:48:51.977385
multiscale,notch,parametric,bandpass,original,golden_036,0.3321,0.2633,0.3847,False,2025-06-12T12:48:54.424913
multiscale,notch,parametric,golden_036,original,golden_036,0.3321,0.2633,0.3847,False,2025-06-12T12:48:56.845854
multiscale,notch,parametric,butterworth,original,golden_036,0.3321,0.2633,0.3847,False,2025-06-12T12:48:59.287257
multiscale,notch,parametric,gaussian,original,golden_036,0.3321,0.2633,0.3847,False,2025-06-12T12:49:01.735520
multiscale,notch,parametric,band_stop,original,golden_036,0.3321,0.2633,0.3847,False,2025-06-12T12:49:04.154301
multiscale,notch,parametric,notch,spectral_basis,golden_036,0.3294,0.2606,0.3818,False,2025-06-12T12:49:06.305182
multiscale,notch,parametric,notch,enhanced_basis,golden_036,0.3318,0.2625,0.3837,False,2025-06-12T12:49:08.492499
multiscale,notch,parametric,notch,chebyshev,golden_036,0.3307,0.2619,0.3826,False,2025-06-12T12:49:10.707351
multiscale,notch,parametric,notch,jacobi,golden_036,0.3304,0.2617,0.3824,False,2025-06-12T12:49:12.820310
multiscale,notch,parametric,notch,legendre,golden_036,0.3304,0.2617,0.3824,False,2025-06-12T12:49:14.996476
multiscale,notch,parametric,notch,laguerre,golden_036,0.3319,0.263,0.3849,False,2025-06-12T12:49:17.396609
multiscale,notch,parametric,notch,hermite,golden_036,0.3206,0.2531,0.3722,False,2025-06-12T12:49:19.800466
multiscale,notch,parametric,notch,bernstein,golden_036,0.3295,0.2605,0.3818,False,2025-06-12T12:49:21.932859
multiscale,notch,parametric,notch,bandstop,golden_036,0.3303,0.2618,0.3816,False,2025-06-12T12:49:24.039138
multiscale,notch,parametric,notch,adaptive_bandstop,golden_036,0.3307,0.2623,0.383,False,2025-06-12T12:49:26.172122
multiscale,notch,parametric,notch,parametric,golden_036,0.3291,0.2606,0.3821,False,2025-06-12T12:49:28.285257
multiscale,notch,parametric,notch,multiscale,golden_036,0.3265,0.2586,0.3791,False,2025-06-12T12:49:30.660320
multiscale,notch,parametric,notch,harmonic,golden_036,0.3301,0.2609,0.3808,False,2025-06-12T12:49:33.008090
multiscale,notch,parametric,notch,golden,golden_036,0.3311,0.2626,0.3842,False,2025-06-12T12:49:36.612109
multiscale,notch,parametric,notch,ensemble,golden_036,0.3307,0.2616,0.383,False,2025-06-12T12:49:38.779456
multiscale,notch,parametric,notch,original,smooth,0.3327,0.264,0.3856,False,2025-06-12T12:49:41.260090
multiscale,notch,parametric,notch,original,sharp,0.3323,0.2634,0.3849,False,2025-06-12T12:49:43.772453
multiscale,notch,parametric,notch,original,bandpass,0.333,0.2634,0.3847,False,2025-06-12T12:49:46.242144
multiscale,notch,parametric,notch,original,butterworth,0.332,0.2633,0.3852,False,2025-06-12T12:49:48.951969
multiscale,notch,parametric,notch,original,gaussian,0.3328,0.2641,0.3858,False,2025-06-12T12:49:51.530791
multiscale,notch,parametric,notch,original,band_stop,0.3322,0.2625,0.3848,False,2025-06-12T12:49:54.328318
multiscale,notch,parametric,notch,original,notch,0.3326,0.2637,0.3851,False,2025-06-12T12:49:56.799347
original,smooth,bandstop,sharp,laguerre,bandpass,0.321,0.2619,0.3786,False,2025-06-12T12:49:59.256723
spectral_basis,smooth,bandstop,sharp,laguerre,bandpass,0.3022,0.2534,0.3606,False,2025-06-12T12:50:01.986916
enhanced_basis,smooth,bandstop,sharp,laguerre,bandpass,0.319,0.2619,0.3766,False,2025-06-12T12:50:04.759017
chebyshev,smooth,bandstop,sharp,laguerre,bandpass,0.3207,0.2623,0.378,False,2025-06-12T12:50:06.939583
jacobi,smooth,bandstop,sharp,laguerre,bandpass,0.321,0.2622,0.3776,False,2025-06-12T12:50:09.109177
legendre,smooth,bandstop,sharp,laguerre,bandpass,0.321,0.2622,0.3776,False,2025-06-12T12:50:11.254122
laguerre,smooth,bandstop,sharp,laguerre,bandpass,0.3199,0.2622,0.3779,False,2025-06-12T12:50:14.321088
hermite,smooth,bandstop,sharp,laguerre,bandpass,0.3139,0.254,0.358,False,2025-06-12T12:50:17.670836
bernstein,smooth,bandstop,sharp,laguerre,bandpass,0.3217,0.2625,0.3788,False,2025-06-12T12:50:19.830181
bandstop,smooth,bandstop,sharp,laguerre,bandpass,0.3116,0.2591,0.3713,False,2025-06-12T12:50:21.993143
adaptive_bandstop,smooth,bandstop,sharp,laguerre,bandpass,0.3073,0.2565,0.3669,False,2025-06-12T12:50:24.318403
parametric,smooth,bandstop,sharp,laguerre,bandpass,0.3275,0.2643,0.3816,False,2025-06-12T12:50:27.066902
harmonic,smooth,bandstop,sharp,laguerre,bandpass,0.2963,0.2502,0.3555,False,2025-06-12T12:50:29.204511
golden,smooth,bandstop,sharp,laguerre,bandpass,0.2977,0.2505,0.3553,False,2025-06-12T12:50:31.435537
ensemble,smooth,bandstop,sharp,laguerre,bandpass,0.316,0.2595,0.3731,False,2025-06-12T12:50:33.995216
multiscale,sharp,bandstop,sharp,laguerre,bandpass,0.3314,0.2628,0.3839,False,2025-06-12T12:50:36.729023
multiscale,bandpass,bandstop,sharp,laguerre,bandpass,0.3314,0.2628,0.3839,False,2025-06-12T12:50:39.552471
multiscale,golden_036,bandstop,sharp,laguerre,bandpass,0.3314,0.2628,0.3839,False,2025-06-12T12:50:42.363277
multiscale,butterworth,bandstop,sharp,laguerre,bandpass,0.3314,0.2628,0.3839,False,2025-06-12T12:50:45.095630
multiscale,gaussian,bandstop,sharp,laguerre,bandpass,0.3314,0.2628,0.3839,False,2025-06-12T12:50:47.950351
multiscale,band_stop,bandstop,sharp,laguerre,bandpass,0.3314,0.2628,0.3839,False,2025-06-12T12:50:50.653977
multiscale,notch,bandstop,sharp,laguerre,bandpass,0.3314,0.2628,0.3839,False,2025-06-12T12:50:53.385245
multiscale,smooth,original,sharp,laguerre,bandpass,0.3297,0.2621,0.3817,False,2025-06-12T12:50:55.546998
multiscale,smooth,spectral_basis,sharp,laguerre,bandpass,0.3314,0.2629,0.3831,False,2025-06-12T12:50:58.351985
multiscale,smooth,enhanced_basis,sharp,laguerre,bandpass,0.3296,0.2621,0.3817,False,2025-06-12T12:51:01.113311
multiscale,smooth,chebyshev,sharp,laguerre,bandpass,0.331,0.2624,0.3833,False,2025-06-12T12:51:03.850371
multiscale,smooth,jacobi,sharp,laguerre,bandpass,0.331,0.2625,0.3831,False,2025-06-12T12:51:06.680278
multiscale,smooth,legendre,sharp,laguerre,bandpass,0.331,0.2625,0.3831,False,2025-06-12T12:51:09.393142
multiscale,smooth,laguerre,sharp,laguerre,bandpass,0.3294,0.2619,0.3814,False,2025-06-12T12:51:11.553750
multiscale,smooth,hermite,sharp,laguerre,bandpass,0.3338,0.2649,0.3865,False,2025-06-12T12:51:13.765644
multiscale,smooth,bernstein,sharp,laguerre,bandpass,0.3311,0.2626,0.3832,False,2025-06-12T12:51:17.001790
multiscale,smooth,adaptive_bandstop,sharp,laguerre,bandpass,0.329,0.2616,0.3801,False,2025-06-12T12:51:19.570841
multiscale,smooth,parametric,sharp,laguerre,bandpass,0.3319,0.2636,0.3852,False,2025-06-12T12:51:22.827401
multiscale,smooth,multiscale,sharp,laguerre,bandpass,0.3312,0.2633,0.3842,False,2025-06-12T12:51:25.404134
multiscale,smooth,harmonic,sharp,laguerre,bandpass,0.331,0.2629,0.3831,False,2025-06-12T12:51:27.987856
multiscale,smooth,golden,sharp,laguerre,bandpass,0.3311,0.263,0.3833,False,2025-06-12T12:51:30.580510
multiscale,smooth,ensemble,sharp,laguerre,bandpass,0.3306,0.2611,0.3827,False,2025-06-12T12:51:34.188437
multiscale,smooth,bandstop,smooth,laguerre,bandpass,0.3314,0.2628,0.3839,False,2025-06-12T12:51:37.457636
multiscale,smooth,bandstop,bandpass,laguerre,bandpass,0.3314,0.2628,0.3839,False,2025-06-12T12:51:40.380492
multiscale,smooth,bandstop,golden_036,laguerre,bandpass,0.3314,0.2628,0.3839,False,2025-06-12T12:51:43.071292
multiscale,smooth,bandstop,butterworth,laguerre,bandpass,0.3314,0.2628,0.3839,False,2025-06-12T12:51:45.824464
multiscale,smooth,bandstop,gaussian,laguerre,bandpass,0.3314,0.2628,0.3839,False,2025-06-12T12:51:48.549834
multiscale,smooth,bandstop,band_stop,laguerre,bandpass,0.3314,0.2628,0.3839,False,2025-06-12T12:51:51.280055
multiscale,smooth,bandstop,notch,laguerre,bandpass,0.3314,0.2628,0.3839,False,2025-06-12T12:51:54.023507
multiscale,smooth,bandstop,sharp,original,bandpass,0.3316,0.2623,0.3836,False,2025-06-12T12:51:56.489837
multiscale,smooth,bandstop,sharp,spectral_basis,bandpass,0.3301,0.2611,0.3825,False,2025-06-12T12:51:58.944053
multiscale,smooth,bandstop,sharp,enhanced_basis,bandpass,0.3302,0.262,0.3826,False,2025-06-12T12:52:01.128556
multiscale,smooth,bandstop,sharp,chebyshev,bandpass,0.3293,0.2615,0.3819,False,2025-06-12T12:52:03.280168
multiscale,smooth,bandstop,sharp,jacobi,bandpass,0.3295,0.2612,0.3819,False,2025-06-12T12:52:05.405777
multiscale,smooth,bandstop,sharp,legendre,bandpass,0.3295,0.2612,0.3819,False,2025-06-12T12:52:07.537656
multiscale,smooth,bandstop,sharp,hermite,bandpass,0.3244,0.2567,0.3759,False,2025-06-12T12:52:10.026573
multiscale,smooth,bandstop,sharp,bernstein,bandpass,0.3294,0.2607,0.3812,False,2025-06-12T12:52:12.169795
multiscale,smooth,bandstop,sharp,bandstop,bandpass,0.3283,0.26,0.38,False,2025-06-12T12:52:14.341514
multiscale,smooth,bandstop,sharp,adaptive_bandstop,bandpass,0.3312,0.2622,0.384,False,2025-06-12T12:52:16.808245
multiscale,smooth,bandstop,sharp,parametric,bandpass,0.3284,0.2597,0.3803,False,2025-06-12T12:52:18.970575
multiscale,smooth,bandstop,sharp,multiscale,bandpass,0.3271,0.259,0.3796,False,2025-06-12T12:52:21.404649
multiscale,smooth,bandstop,sharp,harmonic,bandpass,0.3284,0.2597,0.3794,False,2025-06-12T12:52:23.576547
multiscale,smooth,bandstop,sharp,golden,bandpass,0.3306,0.2615,0.3831,False,2025-06-12T12:52:26.032522
multiscale,smooth,bandstop,sharp,ensemble,bandpass,0.33,0.2609,0.3813,False,2025-06-12T12:52:28.199878
multiscale,smooth,bandstop,sharp,laguerre,smooth,0.3317,0.2624,0.3842,False,2025-06-12T12:52:30.934783
multiscale,smooth,bandstop,sharp,laguerre,sharp,0.3321,0.2632,0.3838,False,2025-06-12T12:52:34.198506
multiscale,smooth,bandstop,sharp,laguerre,golden_036,0.3302,0.2619,0.383,False,2025-06-12T12:52:36.668479
multiscale,smooth,bandstop,sharp,laguerre,butterworth,0.3304,0.262,0.3832,False,2025-06-12T12:52:39.141565
multiscale,smooth,bandstop,sharp,laguerre,gaussian,0.3305,0.2622,0.3835,False,2025-06-12T12:52:41.589354
multiscale,smooth,bandstop,sharp,laguerre,band_stop,0.3308,0.2621,0.3841,False,2025-06-12T12:52:44.302528
multiscale,smooth,bandstop,sharp,laguerre,notch,0.3317,0.2631,0.3838,False,2025-06-12T12:52:48.204285
original,smooth,harmonic,golden_036,laguerre,gaussian,0.3215,0.2624,0.3781,False,2025-06-12T12:52:50.693826
spectral_basis,smooth,harmonic,golden_036,laguerre,gaussian,0.3044,0.2534,0.3605,False,2025-06-12T12:52:54.924619
enhanced_basis,smooth,harmonic,golden_036,laguerre,gaussian,0.3219,0.2626,0.3789,False,2025-06-12T12:52:57.360438
chebyshev,smooth,harmonic,golden_036,laguerre,gaussian,0.3223,0.2628,0.3792,False,2025-06-12T12:52:59.508890
jacobi,smooth,harmonic,golden_036,laguerre,gaussian,0.3207,0.2624,0.378,False,2025-06-12T12:53:01.638615
legendre,smooth,harmonic,golden_036,laguerre,gaussian,0.3207,0.2624,0.378,False,2025-06-12T12:53:03.788528
laguerre,smooth,harmonic,golden_036,laguerre,gaussian,0.3174,0.2614,0.3751,False,2025-06-12T12:53:06.565563
hermite,smooth,harmonic,golden_036,laguerre,gaussian,0.3016,0.243,0.341,False,2025-06-12T12:53:08.722717
bernstein,smooth,harmonic,golden_036,laguerre,gaussian,0.3232,0.2628,0.3795,False,2025-06-12T12:53:10.961343
bandstop,smooth,harmonic,golden_036,laguerre,gaussian,0.3133,0.2594,0.3723,False,2025-06-12T12:53:13.153267
adaptive_bandstop,smooth,harmonic,golden_036,laguerre,gaussian,0.3032,0.2536,0.3614,False,2025-06-12T12:53:15.609123
parametric,smooth,harmonic,golden_036,laguerre,gaussian,0.3253,0.2631,0.3803,False,2025-06-12T12:53:18.032375
harmonic,smooth,harmonic,golden_036,laguerre,gaussian,0.3194,0.2589,0.3689,False,2025-06-12T12:53:21.964955
golden,smooth,harmonic,golden_036,laguerre,gaussian,0.3002,0.2515,0.358,False,2025-06-12T12:53:24.711489
ensemble,smooth,harmonic,golden_036,laguerre,gaussian,0.3187,0.261,0.3742,False,2025-06-12T12:53:27.201980
multiscale,sharp,harmonic,golden_036,laguerre,gaussian,0.3316,0.263,0.3837,False,2025-06-12T12:53:29.648906
multiscale,bandpass,harmonic,golden_036,laguerre,gaussian,0.3316,0.263,0.3837,False,2025-06-12T12:53:32.096912
multiscale,golden_036,harmonic,golden_036,laguerre,gaussian,0.3316,0.263,0.3837,False,2025-06-12T12:53:34.535349
multiscale,butterworth,harmonic,golden_036,laguerre,gaussian,0.3316,0.263,0.3837,False,2025-06-12T12:53:36.965168
multiscale,gaussian,harmonic,golden_036,laguerre,gaussian,0.3316,0.263,0.3837,False,2025-06-12T12:53:39.412697
multiscale,band_stop,harmonic,golden_036,laguerre,gaussian,0.3316,0.263,0.3837,False,2025-06-12T12:53:41.877449
multiscale,notch,harmonic,golden_036,laguerre,gaussian,0.3316,0.263,0.3837,False,2025-06-12T12:53:44.889586
multiscale,smooth,original,golden_036,laguerre,gaussian,0.3298,0.2614,0.3825,False,2025-06-12T12:53:47.666116
multiscale,smooth,spectral_basis,golden_036,laguerre,gaussian,0.3308,0.2627,0.3832,False,2025-06-12T12:53:50.438447
multiscale,smooth,enhanced_basis,golden_036,laguerre,gaussian,0.3281,0.26,0.381,False,2025-06-12T12:53:53.645673
multiscale,smooth,chebyshev,golden_036,laguerre,gaussian,0.331,0.2616,0.3837,False,2025-06-12T12:53:57.116810
multiscale,smooth,jacobi,golden_036,laguerre,gaussian,0.3301,0.2617,0.3826,False,2025-06-12T12:53:59.489034
multiscale,smooth,legendre,golden_036,laguerre,gaussian,0.3301,0.2617,0.3826,False,2025-06-12T12:54:01.799711
multiscale,smooth,laguerre,golden_036,laguerre,gaussian,0.3281,0.2596,0.3802,False,2025-06-12T12:54:04.648050
multiscale,smooth,hermite,golden_036,laguerre,gaussian,0.3342,0.2644,0.3865,False,2025-06-12T12:54:06.980146
multiscale,smooth,bernstein,golden_036,laguerre,gaussian,0.3305,0.2613,0.3826,False,2025-06-12T12:54:09.049248
multiscale,smooth,bandstop,golden_036,laguerre,gaussian,0.3305,0.2622,0.3835,False,2025-06-12T12:54:11.393784
multiscale,smooth,adaptive_bandstop,golden_036,laguerre,gaussian,0.3294,0.2609,0.3815,False,2025-06-12T12:54:14.246901
multiscale,smooth,parametric,golden_036,laguerre,gaussian,0.332,0.2633,0.3848,False,2025-06-12T12:54:16.608784
multiscale,smooth,multiscale,golden_036,laguerre,gaussian,0.3316,0.2629,0.3841,False,2025-06-12T12:54:18.668532
multiscale,smooth,golden,golden_036,laguerre,gaussian,0.3299,0.2604,0.3816,False,2025-06-12T12:54:21.467435
multiscale,smooth,ensemble,golden_036,laguerre,gaussian,0.3299,0.262,0.3828,False,2025-06-12T12:54:23.808083
multiscale,smooth,harmonic,smooth,laguerre,gaussian,0.3316,0.263,0.3837,False,2025-06-12T12:54:26.149000
multiscale,smooth,harmonic,sharp,laguerre,gaussian,0.3316,0.263,0.3837,False,2025-06-12T12:54:28.471742
multiscale,smooth,harmonic,bandpass,laguerre,gaussian,0.3316,0.263,0.3837,False,2025-06-12T12:54:30.827863
multiscale,smooth,harmonic,butterworth,laguerre,gaussian,0.3316,0.263,0.3837,False,2025-06-12T12:54:33.149556
multiscale,smooth,harmonic,gaussian,laguerre,gaussian,0.3316,0.263,0.3837,False,2025-06-12T12:54:35.553388
multiscale,smooth,harmonic,band_stop,laguerre,gaussian,0.3316,0.263,0.3837,False,2025-06-12T12:54:37.903852
multiscale,smooth,harmonic,notch,laguerre,gaussian,0.3316,0.263,0.3837,False,2025-06-12T12:54:40.419243
multiscale,smooth,harmonic,golden_036,original,gaussian,0.3314,0.2625,0.3832,False,2025-06-12T12:54:42.793282
multiscale,smooth,harmonic,golden_036,spectral_basis,gaussian,0.3301,0.2618,0.3821,False,2025-06-12T12:54:45.319666
multiscale,smooth,harmonic,golden_036,enhanced_basis,gaussian,0.3316,0.263,0.3829,False,2025-06-12T12:54:47.399293
multiscale,smooth,harmonic,golden_036,chebyshev,gaussian,0.3309,0.2623,0.383,False,2025-06-12T12:54:49.478555
multiscale,smooth,harmonic,golden_036,jacobi,gaussian,0.3307,0.2621,0.3828,False,2025-06-12T12:54:51.624144
multiscale,smooth,harmonic,golden_036,legendre,gaussian,0.3307,0.2621,0.3828,False,2025-06-12T12:54:53.707472
multiscale,smooth,harmonic,golden_036,hermite,gaussian,0.3229,0.2563,0.3749,False,2025-06-12T12:54:56.365689
multiscale,smooth,harmonic,golden_036,bernstein,gaussian,0.3297,0.2613,0.3818,False,2025-06-12T12:54:58.402797
multiscale,smooth,harmonic,golden_036,bandstop,gaussian,0.3306,0.2617,0.3812,False,2025-06-12T12:55:00.499937
multiscale,smooth,harmonic,golden_036,adaptive_bandstop,gaussian,0.3315,0.2627,0.3837,False,2025-06-12T12:55:02.811478
multiscale,smooth,harmonic,golden_036,parametric,gaussian,0.3296,0.2613,0.3817,False,2025-06-12T12:55:04.866277
multiscale,smooth,harmonic,golden_036,multiscale,gaussian,0.328,0.2601,0.3802,False,2025-06-12T12:55:06.930719
multiscale,smooth,harmonic,golden_036,harmonic,gaussian,0.3296,0.2607,0.3804,False,2025-06-12T12:55:09.068857
multiscale,smooth,harmonic,golden_036,golden,gaussian,0.3311,0.2625,0.3828,False,2025-06-12T12:55:12.533271
multiscale,smooth,harmonic,golden_036,ensemble,gaussian,0.3306,0.2619,0.3825,False,2025-06-12T12:55:14.689314
multiscale,smooth,harmonic,golden_036,laguerre,smooth,0.3316,0.263,0.3835,False,2025-06-12T12:55:17.171282
multiscale,smooth,harmonic,golden_036,laguerre,sharp,0.3313,0.2626,0.3832,False,2025-06-12T12:55:20.547423
multiscale,smooth,harmonic,golden_036,laguerre,bandpass,0.331,0.2629,0.3831,False,2025-06-12T12:55:22.637470
multiscale,smooth,harmonic,golden_036,laguerre,golden_036,0.331,0.2624,0.3827,False,2025-06-12T12:55:25.269715
multiscale,smooth,harmonic,golden_036,laguerre,butterworth,0.3314,0.2631,0.3836,False,2025-06-12T12:55:27.350010
multiscale,smooth,harmonic,golden_036,laguerre,band_stop,0.3319,0.2629,0.3834,False,2025-06-12T12:55:29.480496
multiscale,smooth,harmonic,golden_036,laguerre,notch,0.3313,0.263,0.3836,False,2025-06-12T12:55:31.915382
original,band_stop,multiscale,golden_036,golden,band_stop,0.2973,0.2541,0.3598,False,2025-06-12T12:55:33.975092
spectral_basis,band_stop,multiscale,golden_036,golden,band_stop,0.2953,0.2481,0.3535,False,2025-06-12T12:55:37.352093
enhanced_basis,band_stop,multiscale,golden_036,golden,band_stop,0.3191,0.2617,0.3772,False,2025-06-12T12:55:39.704466
chebyshev,band_stop,multiscale,golden_036,golden,band_stop,0.3224,0.2629,0.3794,False,2025-06-12T12:55:42.398076
jacobi,band_stop,multiscale,golden_036,golden,band_stop,0.3198,0.2621,0.377,False,2025-06-12T12:55:45.839804
legendre,band_stop,multiscale,golden_036,golden,band_stop,0.3198,0.2621,0.377,False,2025-06-12T12:55:49.323308
laguerre,band_stop,multiscale,golden_036,golden,band_stop,0.3139,0.2589,0.3724,False,2025-06-12T12:55:52.665573
hermite,band_stop,multiscale,golden_036,golden,band_stop,0.3086,0.2482,0.3518,False,2025-06-12T12:55:57.963326
bernstein,band_stop,multiscale,golden_036,golden,band_stop,0.3222,0.2625,0.3789,False,2025-06-12T12:56:00.040858
bandstop,band_stop,multiscale,golden_036,golden,band_stop,0.31,0.2592,0.3697,False,2025-06-12T12:56:02.150153
adaptive_bandstop,band_stop,multiscale,golden_036,golden,band_stop,0.3032,0.2539,0.3631,False,2025-06-12T12:56:04.217798
parametric,band_stop,multiscale,golden_036,golden,band_stop,0.3235,0.2627,0.3801,False,2025-06-12T12:56:07.081565
harmonic,band_stop,multiscale,golden_036,golden,band_stop,0.3092,0.253,0.3623,False,2025-06-12T12:56:10.196004
golden,band_stop,multiscale,golden_036,golden,band_stop,0.2944,0.2477,0.3522,False,2025-06-12T12:56:12.555785
ensemble,band_stop,multiscale,golden_036,golden,band_stop,0.3085,0.2566,0.3683,False,2025-06-12T12:56:14.913536
multiscale,smooth,multiscale,golden_036,golden,band_stop,0.3307,0.2621,0.3837,False,2025-06-12T12:56:17.259896
multiscale,sharp,multiscale,golden_036,golden,band_stop,0.3307,0.2621,0.3837,False,2025-06-12T12:56:19.583208
multiscale,bandpass,multiscale,golden_036,golden,band_stop,0.3307,0.2621,0.3837,False,2025-06-12T12:56:21.984933
multiscale,golden_036,multiscale,golden_036,golden,band_stop,0.3307,0.2621,0.3837,False,2025-06-12T12:56:24.378877
multiscale,butterworth,multiscale,golden_036,golden,band_stop,0.3307,0.2621,0.3837,False,2025-06-12T12:56:26.707591
multiscale,gaussian,multiscale,golden_036,golden,band_stop,0.3307,0.2621,0.3837,False,2025-06-12T12:56:29.119435
multiscale,notch,multiscale,golden_036,golden,band_stop,0.3307,0.2621,0.3837,False,2025-06-12T12:56:31.410099
multiscale,band_stop,original,golden_036,golden,band_stop,0.3275,0.2598,0.38,False,2025-06-12T12:56:33.504176
multiscale,band_stop,spectral_basis,golden_036,golden,band_stop,0.3299,0.2618,0.3831,False,2025-06-12T12:56:36.577863
multiscale,band_stop,enhanced_basis,golden_036,golden,band_stop,0.3286,0.2603,0.3813,False,2025-06-12T12:56:38.913128
multiscale,band_stop,chebyshev,golden_036,golden,band_stop,0.3308,0.262,0.3836,False,2025-06-12T12:56:41.513516
multiscale,band_stop,jacobi,golden_036,golden,band_stop,0.3309,0.2618,0.3833,False,2025-06-12T12:56:44.136767
multiscale,band_stop,legendre,golden_036,golden,band_stop,0.3309,0.2618,0.3833,False,2025-06-12T12:56:46.852487
multiscale,band_stop,laguerre,golden_036,golden,band_stop,0.3233,0.2569,0.3749,False,2025-06-12T12:56:48.957051
multiscale,band_stop,hermite,golden_036,golden,band_stop,0.332,0.2634,0.385,False,2025-06-12T12:56:51.320426
multiscale,band_stop,bernstein,golden_036,golden,band_stop,0.3306,0.2613,0.3824,False,2025-06-12T12:56:54.202142
multiscale,band_stop,bandstop,golden_036,golden,band_stop,0.3306,0.2615,0.3831,False,2025-06-12T12:56:56.647640
multiscale,band_stop,adaptive_bandstop,golden_036,golden,band_stop,0.3292,0.2606,0.3809,False,2025-06-12T12:56:59.539231
multiscale,band_stop,parametric,golden_036,golden,band_stop,0.3311,0.2626,0.3842,False,2025-06-12T12:57:03.127514
multiscale,band_stop,harmonic,golden_036,golden,band_stop,0.3311,0.2625,0.3828,False,2025-06-12T12:57:06.570013
multiscale,band_stop,golden,golden_036,golden,band_stop,0.328,0.2602,0.3805,False,2025-06-12T12:57:08.935817
multiscale,band_stop,ensemble,golden_036,golden,band_stop,0.3288,0.2609,0.3809,False,2025-06-12T12:57:11.074953
multiscale,band_stop,multiscale,smooth,golden,band_stop,0.3307,0.2621,0.3837,False,2025-06-12T12:57:13.508716
multiscale,band_stop,multiscale,sharp,golden,band_stop,0.3307,0.2621,0.3837,False,2025-06-12T12:57:15.913012
multiscale,band_stop,multiscale,bandpass,golden,band_stop,0.3307,0.2621,0.3837,False,2025-06-12T12:57:18.258517
multiscale,band_stop,multiscale,butterworth,golden,band_stop,0.3307,0.2621,0.3837,False,2025-06-12T12:57:20.655059
multiscale,band_stop,multiscale,gaussian,golden,band_stop,0.3307,0.2621,0.3837,False,2025-06-12T12:57:23.008473
multiscale,band_stop,multiscale,band_stop,golden,band_stop,0.3307,0.2621,0.3837,False,2025-06-12T12:57:25.431353
multiscale,band_stop,multiscale,notch,golden,band_stop,0.3307,0.2621,0.3837,False,2025-06-12T12:57:27.818491
multiscale,band_stop,multiscale,golden_036,original,band_stop,0.3329,0.2629,0.3846,False,2025-06-12T12:57:30.578113
multiscale,band_stop,multiscale,golden_036,spectral_basis,band_stop,0.3303,0.2615,0.3829,False,2025-06-12T12:57:33.294163
multiscale,band_stop,multiscale,golden_036,enhanced_basis,band_stop,0.3321,0.2631,0.3841,False,2025-06-12T12:57:35.594635
multiscale,band_stop,multiscale,golden_036,chebyshev,band_stop,0.3316,0.2625,0.3835,False,2025-06-12T12:57:37.812260
multiscale,band_stop,multiscale,golden_036,jacobi,band_stop,0.3312,0.262,0.3831,False,2025-06-12T12:57:40.046187
multiscale,band_stop,multiscale,golden_036,legendre,band_stop,0.3312,0.262,0.3831,False,2025-06-12T12:57:42.455401
multiscale,band_stop,multiscale,golden_036,laguerre,band_stop,0.332,0.2628,0.3839,False,2025-06-12T12:57:44.817538
multiscale,band_stop,multiscale,golden_036,hermite,band_stop,0.3225,0.2542,0.3741,False,2025-06-12T12:57:47.759314
multiscale,band_stop,multiscale,golden_036,bernstein,band_stop,0.3302,0.2612,0.3826,False,2025-06-12T12:57:51.844956
multiscale,band_stop,multiscale,golden_036,bandstop,band_stop,0.3299,0.2609,0.3814,False,2025-06-12T12:57:54.277980
multiscale,band_stop,multiscale,golden_036,adaptive_bandstop,band_stop,0.3317,0.2633,0.3844,False,2025-06-12T12:57:56.697403
multiscale,band_stop,multiscale,golden_036,parametric,band_stop,0.3293,0.2606,0.382,False,2025-06-12T12:57:59.000678
multiscale,band_stop,multiscale,golden_036,multiscale,band_stop,0.3269,0.2585,0.3793,False,2025-06-12T12:58:01.411849
multiscale,band_stop,multiscale,golden_036,harmonic,band_stop,0.331,0.2616,0.3823,False,2025-06-12T12:58:03.868141
multiscale,band_stop,multiscale,golden_036,ensemble,band_stop,0.3311,0.2621,0.3837,False,2025-06-12T12:58:06.354264
multiscale,band_stop,multiscale,golden_036,golden,smooth,0.3307,0.2621,0.3837,False,2025-06-12T12:58:09.189168
multiscale,band_stop,multiscale,golden_036,golden,sharp,0.3307,0.2621,0.3837,False,2025-06-12T12:58:12.203763
multiscale,band_stop,multiscale,golden_036,golden,bandpass,0.3307,0.2621,0.3837,False,2025-06-12T12:58:14.861218
multiscale,band_stop,multiscale,golden_036,golden,golden_036,0.3307,0.2621,0.3837,False,2025-06-12T12:58:17.224536
multiscale,band_stop,multiscale,golden_036,golden,butterworth,0.3307,0.2621,0.3837,False,2025-06-12T12:58:19.592877
multiscale,band_stop,multiscale,golden_036,golden,gaussian,0.3307,0.2621,0.3837,False,2025-06-12T12:58:21.970804
multiscale,band_stop,multiscale,golden_036,golden,notch,0.3307,0.2621,0.3837,False,2025-06-12T12:58:24.348423
